id,name,description,brand_id,category_id,price
1,SKF WIE-5012,SKF WIE-5012 ist ein hochwertiges Produkt für den Einsatz in Industrieanlagen. Ausgelegt für hohe Belastungen und lange Lebensdauer.,1,1,336.28
2,NSK SCHWER-1520,NSK SCHWER-1520 ist ein hochwertiges Produkt für den Einsatz in Industrieanlagen. Ausgelegt für hohe Belastungen und lange Lebensdauer.,5,1,269.82
3,FAG GEHEN-9928,FAG GEHEN-9928 ist ein hochwertiges Produkt für den Einsatz in Fahrzeugen. Ausgelegt für hohe Belastungen und lange Lebensdauer.,2,1,256.95
4,NSK SECHS-1106,NSK SECHS-1106 ist ein hochwertiges Produkt für den Einsatz in Industrieanlagen. Ausgelegt für hohe Belastungen und lange Lebensdauer.,5,3,366.15
5,FAG NIMMT-6514,FAG NIMMT-6514 ist ein hochwertiges Produkt für den Einsatz in Industrieanlagen. Ausgelegt für hohe Belastungen und lange Lebensdauer.,2,2,431.17
6,SKF GESTERN-5333,SKF GESTERN-5333 ist ein hochwertiges Produkt für den Einsatz in Industrieanlagen. Ausgelegt für hohe Belastungen und lange Lebensdauer.,1,3,382.9
7,SKF RICHTIG-6925,SKF RICHTIG-6925 ist ein hochwertiges Produkt für den Einsatz in Produktionslinien. Ausgelegt für hohe Belastungen und lange Lebensdauer.,1,3,374.94
8,SKF SACHE-2307,SKF SACHE-2307 ist ein hochwertiges Produkt für den Einsatz in Industrieanlagen. Ausgelegt für hohe Belastungen und lange Lebensdauer.,1,2,350.15
9,Schaeffler WIR-6977,Schaeffler WIR-6977 ist ein hochwertiges Produkt für den Einsatz in Industrieanlagen. Ausgelegt für hohe Belastungen und lange Lebensdauer.,3,4,289.7
10,Schaeffler STRASSE-3803,Schaeffler STRASSE-3803 ist ein hochwertiges Produkt für den Einsatz in Produktionslinien. Ausgelegt für hohe Belastungen und lange Lebensdauer.,3,1,278.02
11,INA LEISE-4598,INA LEISE-4598 ist ein hochwertiges Produkt für den Einsatz in Produktionslinien. Ausgelegt für hohe Belastungen und lange Lebensdauer.,4,3,445.39
12,SKF FERTIG-2084,SKF FERTIG-2084 ist ein hochwertiges Produkt für den Einsatz in Industrieanlagen. Ausgelegt für hohe Belastungen und lange Lebensdauer.,1,3,186.51
13,INA SCHLECHT-8517,INA SCHLECHT-8517 ist ein hochwertiges Produkt für den Einsatz in Industrieanlagen. Ausgelegt für hohe Belastungen und lange Lebensdauer.,4,4,399.26
14,NSK SCHIFF-8019,NSK SCHIFF-8019 ist ein hochwertiges Produkt für den Einsatz in Produktionslinien. Ausgelegt für hohe Belastungen und lange Lebensdauer.,5,3,338.69
15,FAG WERDEN-1771,FAG WERDEN-1771 ist ein hochwertiges Produkt für den Einsatz in Industrieanlagen. Ausgelegt für hohe Belastungen und lange Lebensdauer.,2,4,50.0
16,INA GELB-8668,INA GELB-8668 ist ein hochwertiges Produkt für den Einsatz in Produktionslinien. Ausgelegt für hohe Belastungen und lange Lebensdauer.,4,1,179.3
17,SKF IHN-6573,SKF IHN-6573 ist ein hochwertiges Produkt für den Einsatz in Industrieanlagen. Ausgelegt für hohe Belastungen und lange Lebensdauer.,1,3,348.18
18,INA MONAT-5315,INA MONAT-5315 ist ein hochwertiges Produkt für den Einsatz in Produktionslinien. Ausgelegt für hohe Belastungen und lange Lebensdauer.,4,1,429.68
19,SKF NUN-9317,SKF NUN-9317 ist ein hochwertiges Produkt für den Einsatz in Produktionslinien. Ausgelegt für hohe Belastungen und lange Lebensdauer.,1,3,380.33
20,Schaeffler STADT-9689,Schaeffler STADT-9689 ist ein hochwertiges Produkt für den Einsatz in Industrieanlagen. Ausgelegt für hohe Belastungen und lange Lebensdauer.,3,2,247.33
21,SKF BEI-6038,SKF BEI-6038 ist ein hochwertiges Produkt für den Einsatz in Industrieanlagen. Ausgelegt für hohe Belastungen und lange Lebensdauer.,1,3,396.64
22,NSK ERSCHRECKEN-8962,NSK ERSCHRECKEN-8962 ist ein hochwertiges Produkt für den Einsatz in Industrieanlagen. Ausgelegt für hohe Belastungen und lange Lebensdauer.,5,1,47.69
23,INA DREHEN-7932,INA DREHEN-7932 ist ein hochwertiges Produkt für den Einsatz in Industrieanlagen. Ausgelegt für hohe Belastungen und lange Lebensdauer.,4,2,126.62
24,Schaeffler FISCH-8397,Schaeffler FISCH-8397 ist ein hochwertiges Produkt für den Einsatz in Industrieanlagen. Ausgelegt für hohe Belastungen und lange Lebensdauer.,3,4,405.83
25,SKF HEISSEN-4770,SKF HEISSEN-4770 ist ein hochwertiges Produkt für den Einsatz in Produktionslinien. Ausgelegt für hohe Belastungen und lange Lebensdauer.,1,3,19.26
26,SKF HEUTE-1514,SKF HEUTE-1514 ist ein hochwertiges Produkt für den Einsatz in Fahrzeugen. Ausgelegt für hohe Belastungen und lange Lebensdauer.,1,1,110.73
27,FAG WERDEN-4510,FAG WERDEN-4510 ist ein hochwertiges Produkt für den Einsatz in Produktionslinien. Ausgelegt für hohe Belastungen und lange Lebensdauer.,2,3,304.35
28,NSK DREI-8749,NSK DREI-8749 ist ein hochwertiges Produkt für den Einsatz in Fahrzeugen. Ausgelegt für hohe Belastungen und lange Lebensdauer.,5,4,116.92
29,SKF SCHWESTER-7735,SKF SCHWESTER-7735 ist ein hochwertiges Produkt für den Einsatz in Fahrzeugen. Ausgelegt für hohe Belastungen und lange Lebensdauer.,1,4,165.89
30,INA ZEIGEN-2790,INA ZEIGEN-2790 ist ein hochwertiges Produkt für den Einsatz in Industrieanlagen. Ausgelegt für hohe Belastungen und lange Lebensdauer.,4,3,362.26
31,NSK WISSEN-4006,NSK WISSEN-4006 ist ein hochwertiges Produkt für den Einsatz in Fahrzeugen. Ausgelegt für hohe Belastungen und lange Lebensdauer.,5,4,71.68
32,INA ZAHL-9856,INA ZAHL-9856 ist ein hochwertiges Produkt für den Einsatz in Industrieanlagen. Ausgelegt für hohe Belastungen und lange Lebensdauer.,4,1,32.26
33,FAG LERNEN-4502,FAG LERNEN-4502 ist ein hochwertiges Produkt für den Einsatz in Fahrzeugen. Ausgelegt für hohe Belastungen und lange Lebensdauer.,2,4,223.68
34,INA REICH-5345,INA REICH-5345 ist ein hochwertiges Produkt für den Einsatz in Fahrzeugen. Ausgelegt für hohe Belastungen und lange Lebensdauer.,4,1,443.54
35,FAG WER-1958,FAG WER-1958 ist ein hochwertiges Produkt für den Einsatz in Produktionslinien. Ausgelegt für hohe Belastungen und lange Lebensdauer.,2,2,140.55
36,Schaeffler SEHR-8811,Schaeffler SEHR-8811 ist ein hochwertiges Produkt für den Einsatz in Produktionslinien. Ausgelegt für hohe Belastungen und lange Lebensdauer.,3,1,32.06
37,SKF JUNGE-2113,SKF JUNGE-2113 ist ein hochwertiges Produkt für den Einsatz in Produktionslinien. Ausgelegt für hohe Belastungen und lange Lebensdauer.,1,2,40.15
38,SKF UNTER-1651,SKF UNTER-1651 ist ein hochwertiges Produkt für den Einsatz in Produktionslinien. Ausgelegt für hohe Belastungen und lange Lebensdauer.,1,2,264.72
39,NSK AUF-4346,NSK AUF-4346 ist ein hochwertiges Produkt für den Einsatz in Produktionslinien. Ausgelegt für hohe Belastungen und lange Lebensdauer.,5,3,421.27
40,INA LETZTE-5915,INA LETZTE-5915 ist ein hochwertiges Produkt für den Einsatz in Fahrzeugen. Ausgelegt für hohe Belastungen und lange Lebensdauer.,4,2,305.54
41,INA SEIT-4492,INA SEIT-4492 ist ein hochwertiges Produkt für den Einsatz in Produktionslinien. Ausgelegt für hohe Belastungen und lange Lebensdauer.,4,1,42.23
42,SKF RUFEN-3584,SKF RUFEN-3584 ist ein hochwertiges Produkt für den Einsatz in Fahrzeugen. Ausgelegt für hohe Belastungen und lange Lebensdauer.,1,2,172.59
43,NSK BEIDE-2697,NSK BEIDE-2697 ist ein hochwertiges Produkt für den Einsatz in Industrieanlagen. Ausgelegt für hohe Belastungen und lange Lebensdauer.,5,3,419.97
44,NSK FREUND-4450,NSK FREUND-4450 ist ein hochwertiges Produkt für den Einsatz in Produktionslinien. Ausgelegt für hohe Belastungen und lange Lebensdauer.,5,2,129.83
45,NSK GING-1832,NSK GING-1832 ist ein hochwertiges Produkt für den Einsatz in Industrieanlagen. Ausgelegt für hohe Belastungen und lange Lebensdauer.,5,4,120.49
46,SKF REICH-5291,SKF REICH-5291 ist ein hochwertiges Produkt für den Einsatz in Industrieanlagen. Ausgelegt für hohe Belastungen und lange Lebensdauer.,1,3,349.29
47,SKF FERTIG-3442,SKF FERTIG-3442 ist ein hochwertiges Produkt für den Einsatz in Produktionslinien. Ausgelegt für hohe Belastungen und lange Lebensdauer.,1,1,43.11
48,NSK ACHT-1685,NSK ACHT-1685 ist ein hochwertiges Produkt für den Einsatz in Fahrzeugen. Ausgelegt für hohe Belastungen und lange Lebensdauer.,5,2,199.11
49,FAG BEKOMMEN-6794,FAG BEKOMMEN-6794 ist ein hochwertiges Produkt für den Einsatz in Produktionslinien. Ausgelegt für hohe Belastungen und lange Lebensdauer.,2,2,303.45
50,FAG MAMA-3900,FAG MAMA-3900 ist ein hochwertiges Produkt für den Einsatz in Fahrzeugen. Ausgelegt für hohe Belastungen und lange Lebensdauer.,2,2,439.53
51,Schaeffler HIMMEL-5065,Schaeffler HIMMEL-5065 ist ein hochwertiges Produkt für den Einsatz in Fahrzeugen. Ausgelegt für hohe Belastungen und lange Lebensdauer.,3,4,362.98
52,INA LAUFEN-4644,INA LAUFEN-4644 ist ein hochwertiges Produkt für den Einsatz in Industrieanlagen. Ausgelegt für hohe Belastungen und lange Lebensdauer.,4,1,387.78
53,FAG ERKLÄREN-4164,FAG ERKLÄREN-4164 ist ein hochwertiges Produkt für den Einsatz in Fahrzeugen. Ausgelegt für hohe Belastungen und lange Lebensdauer.,2,2,20.41
54,Schaeffler TÜR-7548,Schaeffler TÜR-7548 ist ein hochwertiges Produkt für den Einsatz in Produktionslinien. Ausgelegt für hohe Belastungen und lange Lebensdauer.,3,3,292.25
55,Schaeffler WEIT-5349,Schaeffler WEIT-5349 ist ein hochwertiges Produkt für den Einsatz in Industrieanlagen. Ausgelegt für hohe Belastungen und lange Lebensdauer.,3,2,265.46
56,INA LASSEN-6139,INA LASSEN-6139 ist ein hochwertiges Produkt für den Einsatz in Fahrzeugen. Ausgelegt für hohe Belastungen und lange Lebensdauer.,4,3,330.56
57,NSK HAT-8144,NSK HAT-8144 ist ein hochwertiges Produkt für den Einsatz in Industrieanlagen. Ausgelegt für hohe Belastungen und lange Lebensdauer.,5,2,122.08
58,INA AUTO-6409,INA AUTO-6409 ist ein hochwertiges Produkt für den Einsatz in Produktionslinien. Ausgelegt für hohe Belastungen und lange Lebensdauer.,4,1,427.5
59,NSK SONNTAG-6344,NSK SONNTAG-6344 ist ein hochwertiges Produkt für den Einsatz in Fahrzeugen. Ausgelegt für hohe Belastungen und lange Lebensdauer.,5,3,303.43
60,INA KOMMEN-3851,INA KOMMEN-3851 ist ein hochwertiges Produkt für den Einsatz in Produktionslinien. Ausgelegt für hohe Belastungen und lange Lebensdauer.,4,4,308.02
61,SKF ZEHN-8043,SKF ZEHN-8043 ist ein hochwertiges Produkt für den Einsatz in Produktionslinien. Ausgelegt für hohe Belastungen und lange Lebensdauer.,1,3,136.24
62,INA VERSUCHEN-3780,INA VERSUCHEN-3780 ist ein hochwertiges Produkt für den Einsatz in Produktionslinien. Ausgelegt für hohe Belastungen und lange Lebensdauer.,4,2,234.92
63,NSK IST-4848,NSK IST-4848 ist ein hochwertiges Produkt für den Einsatz in Produktionslinien. Ausgelegt für hohe Belastungen und lange Lebensdauer.,5,3,51.09
64,FAG GELB-8784,FAG GELB-8784 ist ein hochwertiges Produkt für den Einsatz in Produktionslinien. Ausgelegt für hohe Belastungen und lange Lebensdauer.,2,1,30.33
65,INA BLUME-7291,INA BLUME-7291 ist ein hochwertiges Produkt für den Einsatz in Fahrzeugen. Ausgelegt für hohe Belastungen und lange Lebensdauer.,4,2,326.07
66,SKF IHR-4585,SKF IHR-4585 ist ein hochwertiges Produkt für den Einsatz in Industrieanlagen. Ausgelegt für hohe Belastungen und lange Lebensdauer.,1,1,352.5
67,NSK BEISPIEL-2988,NSK BEISPIEL-2988 ist ein hochwertiges Produkt für den Einsatz in Fahrzeugen. Ausgelegt für hohe Belastungen und lange Lebensdauer.,5,2,413.69
68,NSK WAHR-8251,NSK WAHR-8251 ist ein hochwertiges Produkt für den Einsatz in Produktionslinien. Ausgelegt für hohe Belastungen und lange Lebensdauer.,5,3,428.02
69,INA IHM-8777,INA IHM-8777 ist ein hochwertiges Produkt für den Einsatz in Fahrzeugen. Ausgelegt für hohe Belastungen und lange Lebensdauer.,4,2,337.21
70,NSK NEU-5499,NSK NEU-5499 ist ein hochwertiges Produkt für den Einsatz in Fahrzeugen. Ausgelegt für hohe Belastungen und lange Lebensdauer.,5,4,285.77
71,FAG TUN-9849,FAG TUN-9849 ist ein hochwertiges Produkt für den Einsatz in Industrieanlagen. Ausgelegt für hohe Belastungen und lange Lebensdauer.,2,3,157.77
72,FAG SIND-4505,FAG SIND-4505 ist ein hochwertiges Produkt für den Einsatz in Industrieanlagen. Ausgelegt für hohe Belastungen und lange Lebensdauer.,2,4,315.34
73,NSK WAR-4388,NSK WAR-4388 ist ein hochwertiges Produkt für den Einsatz in Fahrzeugen. Ausgelegt für hohe Belastungen und lange Lebensdauer.,5,4,192.94
74,NSK NEUN-6763,NSK NEUN-6763 ist ein hochwertiges Produkt für den Einsatz in Fahrzeugen. Ausgelegt für hohe Belastungen und lange Lebensdauer.,5,4,219.87
75,INA BEISSEN-8956,INA BEISSEN-8956 ist ein hochwertiges Produkt für den Einsatz in Industrieanlagen. Ausgelegt für hohe Belastungen und lange Lebensdauer.,4,2,130.09
76,FAG GLÜCKLICH-9751,FAG GLÜCKLICH-9751 ist ein hochwertiges Produkt für den Einsatz in Industrieanlagen. Ausgelegt für hohe Belastungen und lange Lebensdauer.,2,4,414.6
77,SKF RECHNEN-8564,SKF RECHNEN-8564 ist ein hochwertiges Produkt für den Einsatz in Industrieanlagen. Ausgelegt für hohe Belastungen und lange Lebensdauer.,1,4,69.71
78,INA ANGST-6355,INA ANGST-6355 ist ein hochwertiges Produkt für den Einsatz in Fahrzeugen. Ausgelegt für hohe Belastungen und lange Lebensdauer.,4,3,103.13
79,Schaeffler SCHIFF-9837,Schaeffler SCHIFF-9837 ist ein hochwertiges Produkt für den Einsatz in Industrieanlagen. Ausgelegt für hohe Belastungen und lange Lebensdauer.,3,1,216.94
80,SKF GRÜN-4266,SKF GRÜN-4266 ist ein hochwertiges Produkt für den Einsatz in Industrieanlagen. Ausgelegt für hohe Belastungen und lange Lebensdauer.,1,1,427.83
81,INA BEI-4571,INA BEI-4571 ist ein hochwertiges Produkt für den Einsatz in Fahrzeugen. Ausgelegt für hohe Belastungen und lange Lebensdauer.,4,1,258.15
82,NSK DARAN-3683,NSK DARAN-3683 ist ein hochwertiges Produkt für den Einsatz in Fahrzeugen. Ausgelegt für hohe Belastungen und lange Lebensdauer.,5,1,352.23
83,SKF IHM-7149,SKF IHM-7149 ist ein hochwertiges Produkt für den Einsatz in Fahrzeugen. Ausgelegt für hohe Belastungen und lange Lebensdauer.,1,3,263.35
84,FAG VERGESSEN-5941,FAG VERGESSEN-5941 ist ein hochwertiges Produkt für den Einsatz in Produktionslinien. Ausgelegt für hohe Belastungen und lange Lebensdauer.,2,1,316.76
85,NSK GEHEN-2129,NSK GEHEN-2129 ist ein hochwertiges Produkt für den Einsatz in Produktionslinien. Ausgelegt für hohe Belastungen und lange Lebensdauer.,5,4,301.07
86,INA MEER-6934,INA MEER-6934 ist ein hochwertiges Produkt für den Einsatz in Produktionslinien. Ausgelegt für hohe Belastungen und lange Lebensdauer.,4,1,200.75
87,FAG SCHULE-9817,FAG SCHULE-9817 ist ein hochwertiges Produkt für den Einsatz in Fahrzeugen. Ausgelegt für hohe Belastungen und lange Lebensdauer.,2,3,281.0
88,Schaeffler ZIMMER-2419,Schaeffler ZIMMER-2419 ist ein hochwertiges Produkt für den Einsatz in Fahrzeugen. Ausgelegt für hohe Belastungen und lange Lebensdauer.,3,2,375.52
89,NSK FRÜH-9098,NSK FRÜH-9098 ist ein hochwertiges Produkt für den Einsatz in Fahrzeugen. Ausgelegt für hohe Belastungen und lange Lebensdauer.,5,4,158.01
90,FAG WISSEN-6576,FAG WISSEN-6576 ist ein hochwertiges Produkt für den Einsatz in Fahrzeugen. Ausgelegt für hohe Belastungen und lange Lebensdauer.,2,3,361.05
91,FAG ZUSAMMEN-7658,FAG ZUSAMMEN-7658 ist ein hochwertiges Produkt für den Einsatz in Fahrzeugen. Ausgelegt für hohe Belastungen und lange Lebensdauer.,2,1,116.2
92,INA TRAGEN-2524,INA TRAGEN-2524 ist ein hochwertiges Produkt für den Einsatz in Fahrzeugen. Ausgelegt für hohe Belastungen und lange Lebensdauer.,4,4,358.89
93,FAG HILFE-7046,FAG HILFE-7046 ist ein hochwertiges Produkt für den Einsatz in Fahrzeugen. Ausgelegt für hohe Belastungen und lange Lebensdauer.,2,3,302.14
94,NSK FAHRRAD-8434,NSK FAHRRAD-8434 ist ein hochwertiges Produkt für den Einsatz in Fahrzeugen. Ausgelegt für hohe Belastungen und lange Lebensdauer.,5,3,164.8
95,SKF WELT-9779,SKF WELT-9779 ist ein hochwertiges Produkt für den Einsatz in Produktionslinien. Ausgelegt für hohe Belastungen und lange Lebensdauer.,1,2,148.84
96,FAG GLAUBEN-9595,FAG GLAUBEN-9595 ist ein hochwertiges Produkt für den Einsatz in Produktionslinien. Ausgelegt für hohe Belastungen und lange Lebensdauer.,2,4,131.66
97,Schaeffler FRAU-5952,Schaeffler FRAU-5952 ist ein hochwertiges Produkt für den Einsatz in Industrieanlagen. Ausgelegt für hohe Belastungen und lange Lebensdauer.,3,2,168.79
98,SKF DUMM-3068,SKF DUMM-3068 ist ein hochwertiges Produkt für den Einsatz in Produktionslinien. Ausgelegt für hohe Belastungen und lange Lebensdauer.,1,1,253.48
99,NSK KATZE-8216,NSK KATZE-8216 ist ein hochwertiges Produkt für den Einsatz in Fahrzeugen. Ausgelegt für hohe Belastungen und lange Lebensdauer.,5,3,216.53
100,Schaeffler ZWISCHEN-2070,Schaeffler ZWISCHEN-2070 ist ein hochwertiges Produkt für den Einsatz in Fahrzeugen. Ausgelegt für hohe Belastungen und lange Lebensdauer.,3,4,60.2
101,FAG DAZU-5978,FAG DAZU-5978 ist ein hochwertiges Produkt für den Einsatz in Industrieanlagen. Ausgelegt für hohe Belastungen und lange Lebensdauer.,2,2,366.9
102,NSK MÜDE-4697,NSK MÜDE-4697 ist ein hochwertiges Produkt für den Einsatz in Produktionslinien. Ausgelegt für hohe Belastungen und lange Lebensdauer.,5,4,276.78
103,Schaeffler NEUN-1986,Schaeffler NEUN-1986 ist ein hochwertiges Produkt für den Einsatz in Produktionslinien. Ausgelegt für hohe Belastungen und lange Lebensdauer.,3,4,144.37
104,FAG JETZT-3573,FAG JETZT-3573 ist ein hochwertiges Produkt für den Einsatz in Industrieanlagen. Ausgelegt für hohe Belastungen und lange Lebensdauer.,2,3,300.59
105,SKF STRASSE-8381,SKF STRASSE-8381 ist ein hochwertiges Produkt für den Einsatz in Produktionslinien. Ausgelegt für hohe Belastungen und lange Lebensdauer.,1,2,11.18
106,FAG TOT-8438,FAG TOT-8438 ist ein hochwertiges Produkt für den Einsatz in Industrieanlagen. Ausgelegt für hohe Belastungen und lange Lebensdauer.,2,3,321.06
107,NSK LAUT-9922,NSK LAUT-9922 ist ein hochwertiges Produkt für den Einsatz in Industrieanlagen. Ausgelegt für hohe Belastungen und lange Lebensdauer.,5,2,197.06
108,SKF BILD-6039,SKF BILD-6039 ist ein hochwertiges Produkt für den Einsatz in Produktionslinien. Ausgelegt für hohe Belastungen und lange Lebensdauer.,1,1,83.01
109,SKF KOMMEN-7594,SKF KOMMEN-7594 ist ein hochwertiges Produkt für den Einsatz in Fahrzeugen. Ausgelegt für hohe Belastungen und lange Lebensdauer.,1,4,313.02
110,SKF VIEL-6280,SKF VIEL-6280 ist ein hochwertiges Produkt für den Einsatz in Produktionslinien. Ausgelegt für hohe Belastungen und lange Lebensdauer.,1,1,401.35
111,FAG LANGSAM-5415,FAG LANGSAM-5415 ist ein hochwertiges Produkt für den Einsatz in Produktionslinien. Ausgelegt für hohe Belastungen und lange Lebensdauer.,2,1,449.81
112,INA BERG-3973,INA BERG-3973 ist ein hochwertiges Produkt für den Einsatz in Produktionslinien. Ausgelegt für hohe Belastungen und lange Lebensdauer.,4,4,413.07
113,INA SCHAUEN-6260,INA SCHAUEN-6260 ist ein hochwertiges Produkt für den Einsatz in Produktionslinien. Ausgelegt für hohe Belastungen und lange Lebensdauer.,4,3,189.67
114,Schaeffler STEIGEN-5722,Schaeffler STEIGEN-5722 ist ein hochwertiges Produkt für den Einsatz in Produktionslinien. Ausgelegt für hohe Belastungen und lange Lebensdauer.,3,4,315.22
115,INA SOHN-6296,INA SOHN-6296 ist ein hochwertiges Produkt für den Einsatz in Industrieanlagen. Ausgelegt für hohe Belastungen und lange Lebensdauer.,4,1,148.39
116,NSK GAB-4073,NSK GAB-4073 ist ein hochwertiges Produkt für den Einsatz in Produktionslinien. Ausgelegt für hohe Belastungen und lange Lebensdauer.,5,4,191.83
117,INA NAH-9998,INA NAH-9998 ist ein hochwertiges Produkt für den Einsatz in Industrieanlagen. Ausgelegt für hohe Belastungen und lange Lebensdauer.,4,1,99.57
118,SKF ARBEITEN-4920,SKF ARBEITEN-4920 ist ein hochwertiges Produkt für den Einsatz in Produktionslinien. Ausgelegt für hohe Belastungen und lange Lebensdauer.,1,1,438.18
119,NSK RUND-2527,NSK RUND-2527 ist ein hochwertiges Produkt für den Einsatz in Industrieanlagen. Ausgelegt für hohe Belastungen und lange Lebensdauer.,5,1,252.99
120,SKF WEINEN-5781,SKF WEINEN-5781 ist ein hochwertiges Produkt für den Einsatz in Produktionslinien. Ausgelegt für hohe Belastungen und lange Lebensdauer.,1,2,229.29
121,INA LEBEN-3369,INA LEBEN-3369 ist ein hochwertiges Produkt für den Einsatz in Fahrzeugen. Ausgelegt für hohe Belastungen und lange Lebensdauer.,4,2,210.99
122,NSK SCHÖN-5526,NSK SCHÖN-5526 ist ein hochwertiges Produkt für den Einsatz in Fahrzeugen. Ausgelegt für hohe Belastungen und lange Lebensdauer.,5,2,390.17
123,SKF DRAUSSEN-9022,SKF DRAUSSEN-9022 ist ein hochwertiges Produkt für den Einsatz in Industrieanlagen. Ausgelegt für hohe Belastungen und lange Lebensdauer.,1,3,329.46
124,Schaeffler SPÄTER-9903,Schaeffler SPÄTER-9903 ist ein hochwertiges Produkt für den Einsatz in Fahrzeugen. Ausgelegt für hohe Belastungen und lange Lebensdauer.,3,3,252.84
125,FAG ÜBERALL-7730,FAG ÜBERALL-7730 ist ein hochwertiges Produkt für den Einsatz in Industrieanlagen. Ausgelegt für hohe Belastungen und lange Lebensdauer.,2,4,112.77
126,INA FEST-1606,INA FEST-1606 ist ein hochwertiges Produkt für den Einsatz in Industrieanlagen. Ausgelegt für hohe Belastungen und lange Lebensdauer.,4,2,227.94
127,INA SPIEL-8486,INA SPIEL-8486 ist ein hochwertiges Produkt für den Einsatz in Industrieanlagen. Ausgelegt für hohe Belastungen und lange Lebensdauer.,4,1,241.42
128,FAG TRINKEN-5342,FAG TRINKEN-5342 ist ein hochwertiges Produkt für den Einsatz in Fahrzeugen. Ausgelegt für hohe Belastungen und lange Lebensdauer.,2,1,216.58
129,NSK HERAUS-8994,NSK HERAUS-8994 ist ein hochwertiges Produkt für den Einsatz in Produktionslinien. Ausgelegt für hohe Belastungen und lange Lebensdauer.,5,4,429.82
130,SKF RUFEN-5708,SKF RUFEN-5708 ist ein hochwertiges Produkt für den Einsatz in Industrieanlagen. Ausgelegt für hohe Belastungen und lange Lebensdauer.,1,2,287.71
131,SKF IST-5906,SKF IST-5906 ist ein hochwertiges Produkt für den Einsatz in Industrieanlagen. Ausgelegt für hohe Belastungen und lange Lebensdauer.,1,4,83.2
132,SKF FENSTER-8056,SKF FENSTER-8056 ist ein hochwertiges Produkt für den Einsatz in Industrieanlagen. Ausgelegt für hohe Belastungen und lange Lebensdauer.,1,3,167.72
133,INA ANFANGEN-2293,INA ANFANGEN-2293 ist ein hochwertiges Produkt für den Einsatz in Produktionslinien. Ausgelegt für hohe Belastungen und lange Lebensdauer.,4,2,84.79
134,INA HUNGER-5161,INA HUNGER-5161 ist ein hochwertiges Produkt für den Einsatz in Fahrzeugen. Ausgelegt für hohe Belastungen und lange Lebensdauer.,4,2,112.16
135,Schaeffler GERN-6661,Schaeffler GERN-6661 ist ein hochwertiges Produkt für den Einsatz in Produktionslinien. Ausgelegt für hohe Belastungen und lange Lebensdauer.,3,2,42.5
136,INA HIER-7302,INA HIER-7302 ist ein hochwertiges Produkt für den Einsatz in Fahrzeugen. Ausgelegt für hohe Belastungen und lange Lebensdauer.,4,3,97.66
137,INA IHM-5837,INA IHM-5837 ist ein hochwertiges Produkt für den Einsatz in Industrieanlagen. Ausgelegt für hohe Belastungen und lange Lebensdauer.,4,3,262.92
138,NSK FAHRRAD-9138,NSK FAHRRAD-9138 ist ein hochwertiges Produkt für den Einsatz in Fahrzeugen. Ausgelegt für hohe Belastungen und lange Lebensdauer.,5,1,410.67
139,Schaeffler GEHEN-5106,Schaeffler GEHEN-5106 ist ein hochwertiges Produkt für den Einsatz in Produktionslinien. Ausgelegt für hohe Belastungen und lange Lebensdauer.,3,2,290.11
140,SKF DER-1546,SKF DER-1546 ist ein hochwertiges Produkt für den Einsatz in Produktionslinien. Ausgelegt für hohe Belastungen und lange Lebensdauer.,1,3,356.99
141,Schaeffler TRINKEN-3877,Schaeffler TRINKEN-3877 ist ein hochwertiges Produkt für den Einsatz in Industrieanlagen. Ausgelegt für hohe Belastungen und lange Lebensdauer.,3,3,338.89
142,Schaeffler NUR-5210,Schaeffler NUR-5210 ist ein hochwertiges Produkt für den Einsatz in Fahrzeugen. Ausgelegt für hohe Belastungen und lange Lebensdauer.,3,3,375.41
143,INA LERNEN-4696,INA LERNEN-4696 ist ein hochwertiges Produkt für den Einsatz in Produktionslinien. Ausgelegt für hohe Belastungen und lange Lebensdauer.,4,1,71.93
144,INA WASCHEN-3024,INA WASCHEN-3024 ist ein hochwertiges Produkt für den Einsatz in Fahrzeugen. Ausgelegt für hohe Belastungen und lange Lebensdauer.,4,1,126.36
145,Schaeffler MÖGLICH-8724,Schaeffler MÖGLICH-8724 ist ein hochwertiges Produkt für den Einsatz in Industrieanlagen. Ausgelegt für hohe Belastungen und lange Lebensdauer.,3,1,306.93
146,FAG SEIT-8606,FAG SEIT-8606 ist ein hochwertiges Produkt für den Einsatz in Produktionslinien. Ausgelegt für hohe Belastungen und lange Lebensdauer.,2,1,289.58
147,FAG WOCHE-5986,FAG WOCHE-5986 ist ein hochwertiges Produkt für den Einsatz in Fahrzeugen. Ausgelegt für hohe Belastungen und lange Lebensdauer.,2,1,426.36
148,FAG MERKEN-7078,FAG MERKEN-7078 ist ein hochwertiges Produkt für den Einsatz in Produktionslinien. Ausgelegt für hohe Belastungen und lange Lebensdauer.,2,2,181.0
149,FAG HIER-9017,FAG HIER-9017 ist ein hochwertiges Produkt für den Einsatz in Produktionslinien. Ausgelegt für hohe Belastungen und lange Lebensdauer.,2,4,298.17
150,Schaeffler SUCHEN-4868,Schaeffler SUCHEN-4868 ist ein hochwertiges Produkt für den Einsatz in Fahrzeugen. Ausgelegt für hohe Belastungen und lange Lebensdauer.,3,2,205.09
151,NSK OBEN-5520,NSK OBEN-5520 ist ein hochwertiges Produkt für den Einsatz in Industrieanlagen. Ausgelegt für hohe Belastungen und lange Lebensdauer.,5,3,36.64
152,SKF HILFE-1349,SKF HILFE-1349 ist ein hochwertiges Produkt für den Einsatz in Industrieanlagen. Ausgelegt für hohe Belastungen und lange Lebensdauer.,1,2,292.35
153,NSK SIEBEN-4394,NSK SIEBEN-4394 ist ein hochwertiges Produkt für den Einsatz in Produktionslinien. Ausgelegt für hohe Belastungen und lange Lebensdauer.,5,2,40.19
154,Schaeffler GAR-1046,Schaeffler GAR-1046 ist ein hochwertiges Produkt für den Einsatz in Fahrzeugen. Ausgelegt für hohe Belastungen und lange Lebensdauer.,3,2,357.0
155,NSK HIER-2801,NSK HIER-2801 ist ein hochwertiges Produkt für den Einsatz in Produktionslinien. Ausgelegt für hohe Belastungen und lange Lebensdauer.,5,3,361.35
156,SKF RUND-4898,SKF RUND-4898 ist ein hochwertiges Produkt für den Einsatz in Produktionslinien. Ausgelegt für hohe Belastungen und lange Lebensdauer.,1,3,357.59
157,Schaeffler RICHTIG-7897,Schaeffler RICHTIG-7897 ist ein hochwertiges Produkt für den Einsatz in Produktionslinien. Ausgelegt für hohe Belastungen und lange Lebensdauer.,3,1,65.77
158,INA ZUR-9408,INA ZUR-9408 ist ein hochwertiges Produkt für den Einsatz in Produktionslinien. Ausgelegt für hohe Belastungen und lange Lebensdauer.,4,4,352.33
159,NSK UND-1710,NSK UND-1710 ist ein hochwertiges Produkt für den Einsatz in Produktionslinien. Ausgelegt für hohe Belastungen und lange Lebensdauer.,5,2,425.98
160,SKF KLASSE-7580,SKF KLASSE-7580 ist ein hochwertiges Produkt für den Einsatz in Fahrzeugen. Ausgelegt für hohe Belastungen und lange Lebensdauer.,1,1,449.38
161,INA GAR-6277,INA GAR-6277 ist ein hochwertiges Produkt für den Einsatz in Produktionslinien. Ausgelegt für hohe Belastungen und lange Lebensdauer.,4,1,405.68
162,FAG LEHRERIN-9984,FAG LEHRERIN-9984 ist ein hochwertiges Produkt für den Einsatz in Produktionslinien. Ausgelegt für hohe Belastungen und lange Lebensdauer.,2,3,284.7
163,INA HIN-2874,INA HIN-2874 ist ein hochwertiges Produkt für den Einsatz in Produktionslinien. Ausgelegt für hohe Belastungen und lange Lebensdauer.,4,4,53.64
164,INA LACHEN-8430,INA LACHEN-8430 ist ein hochwertiges Produkt für den Einsatz in Fahrzeugen. Ausgelegt für hohe Belastungen und lange Lebensdauer.,4,2,192.08
165,INA NICHTS-7132,INA NICHTS-7132 ist ein hochwertiges Produkt für den Einsatz in Industrieanlagen. Ausgelegt für hohe Belastungen und lange Lebensdauer.,4,3,302.65
166,SKF WINTER-7105,SKF WINTER-7105 ist ein hochwertiges Produkt für den Einsatz in Industrieanlagen. Ausgelegt für hohe Belastungen und lange Lebensdauer.,1,1,200.03
167,SKF SACHE-7929,SKF SACHE-7929 ist ein hochwertiges Produkt für den Einsatz in Produktionslinien. Ausgelegt für hohe Belastungen und lange Lebensdauer.,1,4,165.58
168,NSK WIESE-9313,NSK WIESE-9313 ist ein hochwertiges Produkt für den Einsatz in Industrieanlagen. Ausgelegt für hohe Belastungen und lange Lebensdauer.,5,3,164.72
169,FAG FUSSBALL-7022,FAG FUSSBALL-7022 ist ein hochwertiges Produkt für den Einsatz in Industrieanlagen. Ausgelegt für hohe Belastungen und lange Lebensdauer.,2,1,164.05
170,INA MINUTENMIR-5381,INA MINUTENMIR-5381 ist ein hochwertiges Produkt für den Einsatz in Industrieanlagen. Ausgelegt für hohe Belastungen und lange Lebensdauer.,4,1,277.96
171,Schaeffler DICK-3972,Schaeffler DICK-3972 ist ein hochwertiges Produkt für den Einsatz in Industrieanlagen. Ausgelegt für hohe Belastungen und lange Lebensdauer.,3,3,164.45
172,SKF BEI-4524,SKF BEI-4524 ist ein hochwertiges Produkt für den Einsatz in Fahrzeugen. Ausgelegt für hohe Belastungen und lange Lebensdauer.,1,1,338.29
173,FAG BAUM-6314,FAG BAUM-6314 ist ein hochwertiges Produkt für den Einsatz in Produktionslinien. Ausgelegt für hohe Belastungen und lange Lebensdauer.,2,3,147.12
174,FAG VERSTEHEN-5458,FAG VERSTEHEN-5458 ist ein hochwertiges Produkt für den Einsatz in Fahrzeugen. Ausgelegt für hohe Belastungen und lange Lebensdauer.,2,1,306.55
175,INA ENDLICH-9394,INA ENDLICH-9394 ist ein hochwertiges Produkt für den Einsatz in Industrieanlagen. Ausgelegt für hohe Belastungen und lange Lebensdauer.,4,4,130.19
176,Schaeffler UNS-6053,Schaeffler UNS-6053 ist ein hochwertiges Produkt für den Einsatz in Industrieanlagen. Ausgelegt für hohe Belastungen und lange Lebensdauer.,3,4,241.85
177,NSK DENN-5938,NSK DENN-5938 ist ein hochwertiges Produkt für den Einsatz in Industrieanlagen. Ausgelegt für hohe Belastungen und lange Lebensdauer.,5,1,13.38
178,Schaeffler SCHWIMMEN-9149,Schaeffler SCHWIMMEN-9149 ist ein hochwertiges Produkt für den Einsatz in Produktionslinien. Ausgelegt für hohe Belastungen und lange Lebensdauer.,3,3,62.79
179,INA SETZEN-6802,INA SETZEN-6802 ist ein hochwertiges Produkt für den Einsatz in Industrieanlagen. Ausgelegt für hohe Belastungen und lange Lebensdauer.,4,2,230.12
180,SKF NENNEN-6129,SKF NENNEN-6129 ist ein hochwertiges Produkt für den Einsatz in Produktionslinien. Ausgelegt für hohe Belastungen und lange Lebensdauer.,1,4,415.31
181,INA BEIN-1341,INA BEIN-1341 ist ein hochwertiges Produkt für den Einsatz in Fahrzeugen. Ausgelegt für hohe Belastungen und lange Lebensdauer.,4,3,60.68
182,INA ZEIT-2734,INA ZEIT-2734 ist ein hochwertiges Produkt für den Einsatz in Industrieanlagen. Ausgelegt für hohe Belastungen und lange Lebensdauer.,4,3,48.78
183,NSK FINDEN-6083,NSK FINDEN-6083 ist ein hochwertiges Produkt für den Einsatz in Produktionslinien. Ausgelegt für hohe Belastungen und lange Lebensdauer.,5,1,184.14
184,FAG SUCHEN-2868,FAG SUCHEN-2868 ist ein hochwertiges Produkt für den Einsatz in Produktionslinien. Ausgelegt für hohe Belastungen und lange Lebensdauer.,2,1,234.61
185,FAG ARZT-5193,FAG ARZT-5193 ist ein hochwertiges Produkt für den Einsatz in Industrieanlagen. Ausgelegt für hohe Belastungen und lange Lebensdauer.,2,2,55.23
186,FAG ALSO-9095,FAG ALSO-9095 ist ein hochwertiges Produkt für den Einsatz in Fahrzeugen. Ausgelegt für hohe Belastungen und lange Lebensdauer.,2,1,87.94
187,NSK WIEDER-6179,NSK WIEDER-6179 ist ein hochwertiges Produkt für den Einsatz in Industrieanlagen. Ausgelegt für hohe Belastungen und lange Lebensdauer.,5,3,390.27
188,INA GESTERN-1920,INA GESTERN-1920 ist ein hochwertiges Produkt für den Einsatz in Fahrzeugen. Ausgelegt für hohe Belastungen und lange Lebensdauer.,4,3,360.39
189,INA LETZTE-5703,INA LETZTE-5703 ist ein hochwertiges Produkt für den Einsatz in Industrieanlagen. Ausgelegt für hohe Belastungen und lange Lebensdauer.,4,1,35.03
190,NSK STRASSE-4084,NSK STRASSE-4084 ist ein hochwertiges Produkt für den Einsatz in Fahrzeugen. Ausgelegt für hohe Belastungen und lange Lebensdauer.,5,1,207.88
191,INA KLEIN-6626,INA KLEIN-6626 ist ein hochwertiges Produkt für den Einsatz in Produktionslinien. Ausgelegt für hohe Belastungen und lange Lebensdauer.,4,1,366.83
192,FAG TÜR-8172,FAG TÜR-8172 ist ein hochwertiges Produkt für den Einsatz in Fahrzeugen. Ausgelegt für hohe Belastungen und lange Lebensdauer.,2,1,119.01
193,Schaeffler MINUTE-6543,Schaeffler MINUTE-6543 ist ein hochwertiges Produkt für den Einsatz in Produktionslinien. Ausgelegt für hohe Belastungen und lange Lebensdauer.,3,3,180.46
194,Schaeffler FLASCHE-7333,Schaeffler FLASCHE-7333 ist ein hochwertiges Produkt für den Einsatz in Fahrzeugen. Ausgelegt für hohe Belastungen und lange Lebensdauer.,3,1,255.5
195,Schaeffler TUN-3317,Schaeffler TUN-3317 ist ein hochwertiges Produkt für den Einsatz in Fahrzeugen. Ausgelegt für hohe Belastungen und lange Lebensdauer.,3,1,266.41
196,NSK SPÄTER-7171,NSK SPÄTER-7171 ist ein hochwertiges Produkt für den Einsatz in Produktionslinien. Ausgelegt für hohe Belastungen und lange Lebensdauer.,5,1,146.22
197,INA ARZT-6060,INA ARZT-6060 ist ein hochwertiges Produkt für den Einsatz in Industrieanlagen. Ausgelegt für hohe Belastungen und lange Lebensdauer.,4,3,18.02
198,INA DAS-3253,INA DAS-3253 ist ein hochwertiges Produkt für den Einsatz in Industrieanlagen. Ausgelegt für hohe Belastungen und lange Lebensdauer.,4,2,109.68
199,SKF SEITE-3147,SKF SEITE-3147 ist ein hochwertiges Produkt für den Einsatz in Produktionslinien. Ausgelegt für hohe Belastungen und lange Lebensdauer.,1,1,301.25
200,FAG BERG-1715,FAG BERG-1715 ist ein hochwertiges Produkt für den Einsatz in Fahrzeugen. Ausgelegt für hohe Belastungen und lange Lebensdauer.,2,2,327.32
201,NSK REICH-8355,NSK REICH-8355 ist ein hochwertiges Produkt für den Einsatz in Industrieanlagen. Ausgelegt für hohe Belastungen und lange Lebensdauer.,5,3,341.05
202,FAG FRAGEN-8218,FAG FRAGEN-8218 ist ein hochwertiges Produkt für den Einsatz in Fahrzeugen. Ausgelegt für hohe Belastungen und lange Lebensdauer.,2,3,308.46
203,FAG STÜCK-3267,FAG STÜCK-3267 ist ein hochwertiges Produkt für den Einsatz in Fahrzeugen. Ausgelegt für hohe Belastungen und lange Lebensdauer.,2,2,362.55
204,Schaeffler GELD-9452,Schaeffler GELD-9452 ist ein hochwertiges Produkt für den Einsatz in Industrieanlagen. Ausgelegt für hohe Belastungen und lange Lebensdauer.,3,1,323.02
205,Schaeffler GANZ-3414,Schaeffler GANZ-3414 ist ein hochwertiges Produkt für den Einsatz in Fahrzeugen. Ausgelegt für hohe Belastungen und lange Lebensdauer.,3,4,408.33
206,INA SCHLUSS-7797,INA SCHLUSS-7797 ist ein hochwertiges Produkt für den Einsatz in Industrieanlagen. Ausgelegt für hohe Belastungen und lange Lebensdauer.,4,3,419.41
207,FAG NEBEN-7142,FAG NEBEN-7142 ist ein hochwertiges Produkt für den Einsatz in Industrieanlagen. Ausgelegt für hohe Belastungen und lange Lebensdauer.,2,4,447.59
208,SKF TIEF-3254,SKF TIEF-3254 ist ein hochwertiges Produkt für den Einsatz in Industrieanlagen. Ausgelegt für hohe Belastungen und lange Lebensdauer.,1,3,358.21
209,INA SCHWER-2298,INA SCHWER-2298 ist ein hochwertiges Produkt für den Einsatz in Industrieanlagen. Ausgelegt für hohe Belastungen und lange Lebensdauer.,4,4,280.75
210,NSK GESCHICHTE-5720,NSK GESCHICHTE-5720 ist ein hochwertiges Produkt für den Einsatz in Industrieanlagen. Ausgelegt für hohe Belastungen und lange Lebensdauer.,5,4,58.92
211,FAG NUN-8489,FAG NUN-8489 ist ein hochwertiges Produkt für den Einsatz in Industrieanlagen. Ausgelegt für hohe Belastungen und lange Lebensdauer.,2,4,291.14
212,NSK HALTEN-4963,NSK HALTEN-4963 ist ein hochwertiges Produkt für den Einsatz in Produktionslinien. Ausgelegt für hohe Belastungen und lange Lebensdauer.,5,1,288.06
213,INA EIGENTLICH-4941,INA EIGENTLICH-4941 ist ein hochwertiges Produkt für den Einsatz in Produktionslinien. Ausgelegt für hohe Belastungen und lange Lebensdauer.,4,1,280.52
214,NSK RUHIG-9618,NSK RUHIG-9618 ist ein hochwertiges Produkt für den Einsatz in Produktionslinien. Ausgelegt für hohe Belastungen und lange Lebensdauer.,5,3,39.78
215,INA KIND-7116,INA KIND-7116 ist ein hochwertiges Produkt für den Einsatz in Fahrzeugen. Ausgelegt für hohe Belastungen und lange Lebensdauer.,4,1,289.7
216,Schaeffler BALD-2698,Schaeffler BALD-2698 ist ein hochwertiges Produkt für den Einsatz in Produktionslinien. Ausgelegt für hohe Belastungen und lange Lebensdauer.,3,2,332.49
217,Schaeffler SEITE-3868,Schaeffler SEITE-3868 ist ein hochwertiges Produkt für den Einsatz in Produktionslinien. Ausgelegt für hohe Belastungen und lange Lebensdauer.,3,3,367.94
218,FAG AB-8498,FAG AB-8498 ist ein hochwertiges Produkt für den Einsatz in Industrieanlagen. Ausgelegt für hohe Belastungen und lange Lebensdauer.,2,1,325.06
219,FAG EIS-6080,FAG EIS-6080 ist ein hochwertiges Produkt für den Einsatz in Produktionslinien. Ausgelegt für hohe Belastungen und lange Lebensdauer.,2,1,148.86
220,Schaeffler HOLEN-4131,Schaeffler HOLEN-4131 ist ein hochwertiges Produkt für den Einsatz in Fahrzeugen. Ausgelegt für hohe Belastungen und lange Lebensdauer.,3,1,341.45
221,Schaeffler KOCHEN-8159,Schaeffler KOCHEN-8159 ist ein hochwertiges Produkt für den Einsatz in Fahrzeugen. Ausgelegt für hohe Belastungen und lange Lebensdauer.,3,1,361.71
222,FAG SCHWER-7018,FAG SCHWER-7018 ist ein hochwertiges Produkt für den Einsatz in Produktionslinien. Ausgelegt für hohe Belastungen und lange Lebensdauer.,2,4,314.51
223,SKF NEBEN-3956,SKF NEBEN-3956 ist ein hochwertiges Produkt für den Einsatz in Produktionslinien. Ausgelegt für hohe Belastungen und lange Lebensdauer.,1,4,275.08
224,SKF TAG-6021,SKF TAG-6021 ist ein hochwertiges Produkt für den Einsatz in Fahrzeugen. Ausgelegt für hohe Belastungen und lange Lebensdauer.,1,3,300.8
225,INA HUND-6776,INA HUND-6776 ist ein hochwertiges Produkt für den Einsatz in Produktionslinien. Ausgelegt für hohe Belastungen und lange Lebensdauer.,4,3,206.74
226,SKF WIE-3621,SKF WIE-3621 ist ein hochwertiges Produkt für den Einsatz in Industrieanlagen. Ausgelegt für hohe Belastungen und lange Lebensdauer.,1,4,169.86
227,INA UNTEN-4866,INA UNTEN-4866 ist ein hochwertiges Produkt für den Einsatz in Produktionslinien. Ausgelegt für hohe Belastungen und lange Lebensdauer.,4,1,65.54
228,NSK GERN-8371,NSK GERN-8371 ist ein hochwertiges Produkt für den Einsatz in Fahrzeugen. Ausgelegt für hohe Belastungen und lange Lebensdauer.,5,1,276.24
229,NSK ERST-7521,NSK ERST-7521 ist ein hochwertiges Produkt für den Einsatz in Fahrzeugen. Ausgelegt für hohe Belastungen und lange Lebensdauer.,5,2,242.96
230,SKF VON-7340,SKF VON-7340 ist ein hochwertiges Produkt für den Einsatz in Produktionslinien. Ausgelegt für hohe Belastungen und lange Lebensdauer.,1,2,229.58
231,Schaeffler KLETTERN-5678,Schaeffler KLETTERN-5678 ist ein hochwertiges Produkt für den Einsatz in Produktionslinien. Ausgelegt für hohe Belastungen und lange Lebensdauer.,3,4,104.41
232,FAG HAT-8292,FAG HAT-8292 ist ein hochwertiges Produkt für den Einsatz in Industrieanlagen. Ausgelegt für hohe Belastungen und lange Lebensdauer.,2,1,208.9
233,SKF LAND-3580,SKF LAND-3580 ist ein hochwertiges Produkt für den Einsatz in Produktionslinien. Ausgelegt für hohe Belastungen und lange Lebensdauer.,1,3,402.19
234,FAG RICHTIG-3275,FAG RICHTIG-3275 ist ein hochwertiges Produkt für den Einsatz in Industrieanlagen. Ausgelegt für hohe Belastungen und lange Lebensdauer.,2,1,443.46
235,NSK HIER-3126,NSK HIER-3126 ist ein hochwertiges Produkt für den Einsatz in Produktionslinien. Ausgelegt für hohe Belastungen und lange Lebensdauer.,5,3,215.66
236,Schaeffler LANGSAM-8842,Schaeffler LANGSAM-8842 ist ein hochwertiges Produkt für den Einsatz in Produktionslinien. Ausgelegt für hohe Belastungen und lange Lebensdauer.,3,4,449.82
237,FAG LASSEN-8372,FAG LASSEN-8372 ist ein hochwertiges Produkt für den Einsatz in Fahrzeugen. Ausgelegt für hohe Belastungen und lange Lebensdauer.,2,3,292.63
238,NSK GAB-3114,NSK GAB-3114 ist ein hochwertiges Produkt für den Einsatz in Fahrzeugen. Ausgelegt für hohe Belastungen und lange Lebensdauer.,5,2,347.82
239,FAG AUS-6286,FAG AUS-6286 ist ein hochwertiges Produkt für den Einsatz in Produktionslinien. Ausgelegt für hohe Belastungen und lange Lebensdauer.,2,3,82.45
240,NSK VOM-5105,NSK VOM-5105 ist ein hochwertiges Produkt für den Einsatz in Industrieanlagen. Ausgelegt für hohe Belastungen und lange Lebensdauer.,5,3,382.21
241,Schaeffler RECHNEN-3762,Schaeffler RECHNEN-3762 ist ein hochwertiges Produkt für den Einsatz in Produktionslinien. Ausgelegt für hohe Belastungen und lange Lebensdauer.,3,1,231.13
242,NSK WARUM-1674,NSK WARUM-1674 ist ein hochwertiges Produkt für den Einsatz in Industrieanlagen. Ausgelegt für hohe Belastungen und lange Lebensdauer.,5,3,380.71
243,NSK SPÄTER-7825,NSK SPÄTER-7825 ist ein hochwertiges Produkt für den Einsatz in Produktionslinien. Ausgelegt für hohe Belastungen und lange Lebensdauer.,5,3,296.5
244,NSK BEIN-5949,NSK BEIN-5949 ist ein hochwertiges Produkt für den Einsatz in Fahrzeugen. Ausgelegt für hohe Belastungen und lange Lebensdauer.,5,3,292.44
245,Schaeffler SEITE-1981,Schaeffler SEITE-1981 ist ein hochwertiges Produkt für den Einsatz in Industrieanlagen. Ausgelegt für hohe Belastungen und lange Lebensdauer.,3,4,42.11
246,INA WENIG-3353,INA WENIG-3353 ist ein hochwertiges Produkt für den Einsatz in Fahrzeugen. Ausgelegt für hohe Belastungen und lange Lebensdauer.,4,2,159.68
247,FAG DREHEN-2739,FAG DREHEN-2739 ist ein hochwertiges Produkt für den Einsatz in Fahrzeugen. Ausgelegt für hohe Belastungen und lange Lebensdauer.,2,3,236.59
248,SKF SCHICKEN-3308,SKF SCHICKEN-3308 ist ein hochwertiges Produkt für den Einsatz in Industrieanlagen. Ausgelegt für hohe Belastungen und lange Lebensdauer.,1,3,207.82
249,INA PAPA-3616,INA PAPA-3616 ist ein hochwertiges Produkt für den Einsatz in Fahrzeugen. Ausgelegt für hohe Belastungen und lange Lebensdauer.,4,4,119.24
250,INA BAUM-6055,INA BAUM-6055 ist ein hochwertiges Produkt für den Einsatz in Fahrzeugen. Ausgelegt für hohe Belastungen und lange Lebensdauer.,4,4,229.45
251,INA SCHÖN-4524,INA SCHÖN-4524 ist ein hochwertiges Produkt für den Einsatz in Produktionslinien. Ausgelegt für hohe Belastungen und lange Lebensdauer.,4,4,435.34
252,Schaeffler ES-8710,Schaeffler ES-8710 ist ein hochwertiges Produkt für den Einsatz in Fahrzeugen. Ausgelegt für hohe Belastungen und lange Lebensdauer.,3,4,272.91
253,FAG WOHL-7606,FAG WOHL-7606 ist ein hochwertiges Produkt für den Einsatz in Fahrzeugen. Ausgelegt für hohe Belastungen und lange Lebensdauer.,2,3,330.1
254,SKF SCHWESTER-5728,SKF SCHWESTER-5728 ist ein hochwertiges Produkt für den Einsatz in Industrieanlagen. Ausgelegt für hohe Belastungen und lange Lebensdauer.,1,2,169.51
255,NSK BRINGEN-2946,NSK BRINGEN-2946 ist ein hochwertiges Produkt für den Einsatz in Industrieanlagen. Ausgelegt für hohe Belastungen und lange Lebensdauer.,5,3,373.14
256,Schaeffler SPRECHEN-6990,Schaeffler SPRECHEN-6990 ist ein hochwertiges Produkt für den Einsatz in Industrieanlagen. Ausgelegt für hohe Belastungen und lange Lebensdauer.,3,3,255.45
257,NSK DUNKEL-1742,NSK DUNKEL-1742 ist ein hochwertiges Produkt für den Einsatz in Industrieanlagen. Ausgelegt für hohe Belastungen und lange Lebensdauer.,5,4,230.03
258,INA PLÖTZLICH-9446,INA PLÖTZLICH-9446 ist ein hochwertiges Produkt für den Einsatz in Industrieanlagen. Ausgelegt für hohe Belastungen und lange Lebensdauer.,4,4,75.53
259,FAG ARZT-5902,FAG ARZT-5902 ist ein hochwertiges Produkt für den Einsatz in Produktionslinien. Ausgelegt für hohe Belastungen und lange Lebensdauer.,2,4,445.87
260,NSK ES-1272,NSK ES-1272 ist ein hochwertiges Produkt für den Einsatz in Fahrzeugen. Ausgelegt für hohe Belastungen und lange Lebensdauer.,5,3,218.95
261,NSK FRÖHLICH-1436,NSK FRÖHLICH-1436 ist ein hochwertiges Produkt für den Einsatz in Produktionslinien. Ausgelegt für hohe Belastungen und lange Lebensdauer.,5,3,360.57
262,SKF PACKEN-7229,SKF PACKEN-7229 ist ein hochwertiges Produkt für den Einsatz in Industrieanlagen. Ausgelegt für hohe Belastungen und lange Lebensdauer.,1,4,85.03
263,SKF GESTERN-6139,SKF GESTERN-6139 ist ein hochwertiges Produkt für den Einsatz in Fahrzeugen. Ausgelegt für hohe Belastungen und lange Lebensdauer.,1,2,18.33
264,FAG GESICHT-8726,FAG GESICHT-8726 ist ein hochwertiges Produkt für den Einsatz in Produktionslinien. Ausgelegt für hohe Belastungen und lange Lebensdauer.,2,4,230.8
265,FAG SCHNEE-8837,FAG SCHNEE-8837 ist ein hochwertiges Produkt für den Einsatz in Produktionslinien. Ausgelegt für hohe Belastungen und lange Lebensdauer.,2,3,449.17
266,INA ÜBERALL-5331,INA ÜBERALL-5331 ist ein hochwertiges Produkt für den Einsatz in Produktionslinien. Ausgelegt für hohe Belastungen und lange Lebensdauer.,4,3,250.36
267,Schaeffler STEIN-5876,Schaeffler STEIN-5876 ist ein hochwertiges Produkt für den Einsatz in Fahrzeugen. Ausgelegt für hohe Belastungen und lange Lebensdauer.,3,3,108.94
268,INA ZUM-5480,INA ZUM-5480 ist ein hochwertiges Produkt für den Einsatz in Fahrzeugen. Ausgelegt für hohe Belastungen und lange Lebensdauer.,4,3,256.61
269,NSK MAMA-7464,NSK MAMA-7464 ist ein hochwertiges Produkt für den Einsatz in Fahrzeugen. Ausgelegt für hohe Belastungen und lange Lebensdauer.,5,4,404.13
270,SKF INS-2294,SKF INS-2294 ist ein hochwertiges Produkt für den Einsatz in Fahrzeugen. Ausgelegt für hohe Belastungen und lange Lebensdauer.,1,3,430.34
271,FAG BRINGEN-5442,FAG BRINGEN-5442 ist ein hochwertiges Produkt für den Einsatz in Produktionslinien. Ausgelegt für hohe Belastungen und lange Lebensdauer.,2,2,374.3
272,NSK AB-9700,NSK AB-9700 ist ein hochwertiges Produkt für den Einsatz in Industrieanlagen. Ausgelegt für hohe Belastungen und lange Lebensdauer.,5,2,116.68
273,INA DEIN-2647,INA DEIN-2647 ist ein hochwertiges Produkt für den Einsatz in Produktionslinien. Ausgelegt für hohe Belastungen und lange Lebensdauer.,4,3,325.64
274,NSK KEIN-8793,NSK KEIN-8793 ist ein hochwertiges Produkt für den Einsatz in Fahrzeugen. Ausgelegt für hohe Belastungen und lange Lebensdauer.,5,2,189.04
275,Schaeffler ERSCHRECKEN-2465,Schaeffler ERSCHRECKEN-2465 ist ein hochwertiges Produkt für den Einsatz in Produktionslinien. Ausgelegt für hohe Belastungen und lange Lebensdauer.,3,1,409.49
276,INA OFT-1595,INA OFT-1595 ist ein hochwertiges Produkt für den Einsatz in Fahrzeugen. Ausgelegt für hohe Belastungen und lange Lebensdauer.,4,2,420.93
277,SKF FINDEN-2758,SKF FINDEN-2758 ist ein hochwertiges Produkt für den Einsatz in Fahrzeugen. Ausgelegt für hohe Belastungen und lange Lebensdauer.,1,1,141.29
278,FAG ZU-2845,FAG ZU-2845 ist ein hochwertiges Produkt für den Einsatz in Fahrzeugen. Ausgelegt für hohe Belastungen und lange Lebensdauer.,2,4,130.05
279,Schaeffler TISCH-6523,Schaeffler TISCH-6523 ist ein hochwertiges Produkt für den Einsatz in Fahrzeugen. Ausgelegt für hohe Belastungen und lange Lebensdauer.,3,2,16.2
280,INA VERGESSEN-2421,INA VERGESSEN-2421 ist ein hochwertiges Produkt für den Einsatz in Fahrzeugen. Ausgelegt für hohe Belastungen und lange Lebensdauer.,4,4,236.72
281,INA MONATE-1111,INA MONATE-1111 ist ein hochwertiges Produkt für den Einsatz in Fahrzeugen. Ausgelegt für hohe Belastungen und lange Lebensdauer.,4,3,421.76
282,Schaeffler VOM-1187,Schaeffler VOM-1187 ist ein hochwertiges Produkt für den Einsatz in Fahrzeugen. Ausgelegt für hohe Belastungen und lange Lebensdauer.,3,3,142.86
283,SKF NÄCHSTE-7642,SKF NÄCHSTE-7642 ist ein hochwertiges Produkt für den Einsatz in Produktionslinien. Ausgelegt für hohe Belastungen und lange Lebensdauer.,1,4,144.99
284,Schaeffler STEIN-4590,Schaeffler STEIN-4590 ist ein hochwertiges Produkt für den Einsatz in Industrieanlagen. Ausgelegt für hohe Belastungen und lange Lebensdauer.,3,3,280.44
285,NSK WEG-9998,NSK WEG-9998 ist ein hochwertiges Produkt für den Einsatz in Fahrzeugen. Ausgelegt für hohe Belastungen und lange Lebensdauer.,5,3,192.97
286,NSK WEIHNACHTEN-9653,NSK WEIHNACHTEN-9653 ist ein hochwertiges Produkt für den Einsatz in Produktionslinien. Ausgelegt für hohe Belastungen und lange Lebensdauer.,5,1,241.22
287,SKF PLÖTZLICH-3455,SKF PLÖTZLICH-3455 ist ein hochwertiges Produkt für den Einsatz in Industrieanlagen. Ausgelegt für hohe Belastungen und lange Lebensdauer.,1,2,261.99
288,SKF RAD-9008,SKF RAD-9008 ist ein hochwertiges Produkt für den Einsatz in Industrieanlagen. Ausgelegt für hohe Belastungen und lange Lebensdauer.,1,2,325.44
289,FAG KANN-1945,FAG KANN-1945 ist ein hochwertiges Produkt für den Einsatz in Produktionslinien. Ausgelegt für hohe Belastungen und lange Lebensdauer.,2,4,210.99
290,INA DANACH-4570,INA DANACH-4570 ist ein hochwertiges Produkt für den Einsatz in Produktionslinien. Ausgelegt für hohe Belastungen und lange Lebensdauer.,4,3,369.24
291,INA DÜRFEN-9866,INA DÜRFEN-9866 ist ein hochwertiges Produkt für den Einsatz in Industrieanlagen. Ausgelegt für hohe Belastungen und lange Lebensdauer.,4,3,318.17
292,SKF GEHÖREN-3218,SKF GEHÖREN-3218 ist ein hochwertiges Produkt für den Einsatz in Produktionslinien. Ausgelegt für hohe Belastungen und lange Lebensdauer.,1,3,189.9
293,INA BAUEN-9835,INA BAUEN-9835 ist ein hochwertiges Produkt für den Einsatz in Industrieanlagen. Ausgelegt für hohe Belastungen und lange Lebensdauer.,4,4,175.28
294,NSK FEHLEN-4648,NSK FEHLEN-4648 ist ein hochwertiges Produkt für den Einsatz in Industrieanlagen. Ausgelegt für hohe Belastungen und lange Lebensdauer.,5,4,242.69
295,INA WÜNSCHEN-4762,INA WÜNSCHEN-4762 ist ein hochwertiges Produkt für den Einsatz in Industrieanlagen. Ausgelegt für hohe Belastungen und lange Lebensdauer.,4,4,244.05
296,Schaeffler VOGEL-2848,Schaeffler VOGEL-2848 ist ein hochwertiges Produkt für den Einsatz in Industrieanlagen. Ausgelegt für hohe Belastungen und lange Lebensdauer.,3,2,422.46
297,FAG NACH-1550,FAG NACH-1550 ist ein hochwertiges Produkt für den Einsatz in Fahrzeugen. Ausgelegt für hohe Belastungen und lange Lebensdauer.,2,1,54.39
298,SKF MIT-9843,SKF MIT-9843 ist ein hochwertiges Produkt für den Einsatz in Industrieanlagen. Ausgelegt für hohe Belastungen und lange Lebensdauer.,1,4,203.14
299,NSK FAMILIE-6224,NSK FAMILIE-6224 ist ein hochwertiges Produkt für den Einsatz in Produktionslinien. Ausgelegt für hohe Belastungen und lange Lebensdauer.,5,3,113.03
300,FAG DA-5508,FAG DA-5508 ist ein hochwertiges Produkt für den Einsatz in Industrieanlagen. Ausgelegt für hohe Belastungen und lange Lebensdauer.,2,2,191.97
301,INA SEHEN-6642,INA SEHEN-6642 ist ein hochwertiges Produkt für den Einsatz in Produktionslinien. Ausgelegt für hohe Belastungen und lange Lebensdauer.,4,4,30.63
302,INA SPRECHEN-7167,INA SPRECHEN-7167 ist ein hochwertiges Produkt für den Einsatz in Industrieanlagen. Ausgelegt für hohe Belastungen und lange Lebensdauer.,4,4,75.66
303,Schaeffler GESCHICHTE-1944,Schaeffler GESCHICHTE-1944 ist ein hochwertiges Produkt für den Einsatz in Produktionslinien. Ausgelegt für hohe Belastungen und lange Lebensdauer.,3,2,364.54
304,INA WELT-6411,INA WELT-6411 ist ein hochwertiges Produkt für den Einsatz in Produktionslinien. Ausgelegt für hohe Belastungen und lange Lebensdauer.,4,2,122.2
305,Schaeffler MEIN-4120,Schaeffler MEIN-4120 ist ein hochwertiges Produkt für den Einsatz in Industrieanlagen. Ausgelegt für hohe Belastungen und lange Lebensdauer.,3,1,245.68
306,SKF SIE-4555,SKF SIE-4555 ist ein hochwertiges Produkt für den Einsatz in Fahrzeugen. Ausgelegt für hohe Belastungen und lange Lebensdauer.,1,2,364.05
307,Schaeffler SCHICKEN-4113,Schaeffler SCHICKEN-4113 ist ein hochwertiges Produkt für den Einsatz in Produktionslinien. Ausgelegt für hohe Belastungen und lange Lebensdauer.,3,1,103.2
308,FAG GEBURTSTAG-4921,FAG GEBURTSTAG-4921 ist ein hochwertiges Produkt für den Einsatz in Produktionslinien. Ausgelegt für hohe Belastungen und lange Lebensdauer.,2,2,184.52
309,INA KÜCHE-6892,INA KÜCHE-6892 ist ein hochwertiges Produkt für den Einsatz in Produktionslinien. Ausgelegt für hohe Belastungen und lange Lebensdauer.,4,3,145.71
310,INA FRÜH-7073,INA FRÜH-7073 ist ein hochwertiges Produkt für den Einsatz in Fahrzeugen. Ausgelegt für hohe Belastungen und lange Lebensdauer.,4,3,412.31
311,FAG KÖNNEN-7841,FAG KÖNNEN-7841 ist ein hochwertiges Produkt für den Einsatz in Fahrzeugen. Ausgelegt für hohe Belastungen und lange Lebensdauer.,2,1,124.74
312,Schaeffler KÜCHE-5026,Schaeffler KÜCHE-5026 ist ein hochwertiges Produkt für den Einsatz in Fahrzeugen. Ausgelegt für hohe Belastungen und lange Lebensdauer.,3,2,177.13
313,INA BAUM-6770,INA BAUM-6770 ist ein hochwertiges Produkt für den Einsatz in Industrieanlagen. Ausgelegt für hohe Belastungen und lange Lebensdauer.,4,4,84.02
314,INA SPASS-9882,INA SPASS-9882 ist ein hochwertiges Produkt für den Einsatz in Produktionslinien. Ausgelegt für hohe Belastungen und lange Lebensdauer.,4,2,413.44
315,SKF BEIN-1794,SKF BEIN-1794 ist ein hochwertiges Produkt für den Einsatz in Industrieanlagen. Ausgelegt für hohe Belastungen und lange Lebensdauer.,1,1,425.88
316,SKF SCHIFF-9285,SKF SCHIFF-9285 ist ein hochwertiges Produkt für den Einsatz in Fahrzeugen. Ausgelegt für hohe Belastungen und lange Lebensdauer.,1,2,14.02
317,INA MAMA-7739,INA MAMA-7739 ist ein hochwertiges Produkt für den Einsatz in Industrieanlagen. Ausgelegt für hohe Belastungen und lange Lebensdauer.,4,1,12.91
318,Schaeffler BEISSEN-8054,Schaeffler BEISSEN-8054 ist ein hochwertiges Produkt für den Einsatz in Industrieanlagen. Ausgelegt für hohe Belastungen und lange Lebensdauer.,3,3,17.54
319,NSK HIER-9625,NSK HIER-9625 ist ein hochwertiges Produkt für den Einsatz in Fahrzeugen. Ausgelegt für hohe Belastungen und lange Lebensdauer.,5,2,116.03
320,SKF SEIT-8520,SKF SEIT-8520 ist ein hochwertiges Produkt für den Einsatz in Produktionslinien. Ausgelegt für hohe Belastungen und lange Lebensdauer.,1,3,432.09
321,Schaeffler HOCH-1519,Schaeffler HOCH-1519 ist ein hochwertiges Produkt für den Einsatz in Industrieanlagen. Ausgelegt für hohe Belastungen und lange Lebensdauer.,3,1,297.64
322,NSK FREUDE-1154,NSK FREUDE-1154 ist ein hochwertiges Produkt für den Einsatz in Produktionslinien. Ausgelegt für hohe Belastungen und lange Lebensdauer.,5,4,34.69
323,INA SECHS-6427,INA SECHS-6427 ist ein hochwertiges Produkt für den Einsatz in Produktionslinien. Ausgelegt für hohe Belastungen und lange Lebensdauer.,4,4,293.76
324,SKF DENN-8790,SKF DENN-8790 ist ein hochwertiges Produkt für den Einsatz in Fahrzeugen. Ausgelegt für hohe Belastungen und lange Lebensdauer.,1,2,103.02
325,Schaeffler SCHWESTER-6152,Schaeffler SCHWESTER-6152 ist ein hochwertiges Produkt für den Einsatz in Industrieanlagen. Ausgelegt für hohe Belastungen und lange Lebensdauer.,3,1,88.92
326,FAG KENNEN-5903,FAG KENNEN-5903 ist ein hochwertiges Produkt für den Einsatz in Industrieanlagen. Ausgelegt für hohe Belastungen und lange Lebensdauer.,2,4,418.7
327,NSK ENDE-3292,NSK ENDE-3292 ist ein hochwertiges Produkt für den Einsatz in Produktionslinien. Ausgelegt für hohe Belastungen und lange Lebensdauer.,5,3,178.89
328,SKF NEHMEN-2245,SKF NEHMEN-2245 ist ein hochwertiges Produkt für den Einsatz in Fahrzeugen. Ausgelegt für hohe Belastungen und lange Lebensdauer.,1,4,112.14
329,SKF JEDER-8381,SKF JEDER-8381 ist ein hochwertiges Produkt für den Einsatz in Fahrzeugen. Ausgelegt für hohe Belastungen und lange Lebensdauer.,1,3,354.76
330,NSK NENNEN-7227,NSK NENNEN-7227 ist ein hochwertiges Produkt für den Einsatz in Industrieanlagen. Ausgelegt für hohe Belastungen und lange Lebensdauer.,5,4,200.01
331,SKF FRÜHER-7225,SKF FRÜHER-7225 ist ein hochwertiges Produkt für den Einsatz in Produktionslinien. Ausgelegt für hohe Belastungen und lange Lebensdauer.,1,1,127.91
332,Schaeffler HERR-6050,Schaeffler HERR-6050 ist ein hochwertiges Produkt für den Einsatz in Fahrzeugen. Ausgelegt für hohe Belastungen und lange Lebensdauer.,3,1,50.27
333,FAG GELD-8353,FAG GELD-8353 ist ein hochwertiges Produkt für den Einsatz in Produktionslinien. Ausgelegt für hohe Belastungen und lange Lebensdauer.,2,1,92.45
334,SKF SAGEN-2524,SKF SAGEN-2524 ist ein hochwertiges Produkt für den Einsatz in Produktionslinien. Ausgelegt für hohe Belastungen und lange Lebensdauer.,1,1,165.72
335,Schaeffler TÜR-2387,Schaeffler TÜR-2387 ist ein hochwertiges Produkt für den Einsatz in Produktionslinien. Ausgelegt für hohe Belastungen und lange Lebensdauer.,3,4,180.63
336,INA BEISPIEL-5933,INA BEISPIEL-5933 ist ein hochwertiges Produkt für den Einsatz in Fahrzeugen. Ausgelegt für hohe Belastungen und lange Lebensdauer.,4,2,71.09
337,FAG DENKEN-5911,FAG DENKEN-5911 ist ein hochwertiges Produkt für den Einsatz in Fahrzeugen. Ausgelegt für hohe Belastungen und lange Lebensdauer.,2,4,131.42
338,Schaeffler NASS-9123,Schaeffler NASS-9123 ist ein hochwertiges Produkt für den Einsatz in Produktionslinien. Ausgelegt für hohe Belastungen und lange Lebensdauer.,3,2,327.2
339,FAG DAS-7483,FAG DAS-7483 ist ein hochwertiges Produkt für den Einsatz in Fahrzeugen. Ausgelegt für hohe Belastungen und lange Lebensdauer.,2,3,12.98
340,Schaeffler MERKEN-3230,Schaeffler MERKEN-3230 ist ein hochwertiges Produkt für den Einsatz in Fahrzeugen. Ausgelegt für hohe Belastungen und lange Lebensdauer.,3,4,368.81
341,INA VERKAUFEN-7524,INA VERKAUFEN-7524 ist ein hochwertiges Produkt für den Einsatz in Fahrzeugen. Ausgelegt für hohe Belastungen und lange Lebensdauer.,4,3,88.16
342,Schaeffler OFFEN-7437,Schaeffler OFFEN-7437 ist ein hochwertiges Produkt für den Einsatz in Fahrzeugen. Ausgelegt für hohe Belastungen und lange Lebensdauer.,3,4,133.33
343,FAG MINUTENMIR-1440,FAG MINUTENMIR-1440 ist ein hochwertiges Produkt für den Einsatz in Produktionslinien. Ausgelegt für hohe Belastungen und lange Lebensdauer.,2,2,309.95
344,Schaeffler TÜR-7703,Schaeffler TÜR-7703 ist ein hochwertiges Produkt für den Einsatz in Produktionslinien. Ausgelegt für hohe Belastungen und lange Lebensdauer.,3,1,370.34
345,FAG MICH-7932,FAG MICH-7932 ist ein hochwertiges Produkt für den Einsatz in Fahrzeugen. Ausgelegt für hohe Belastungen und lange Lebensdauer.,2,3,299.81
346,NSK SCHÜLER-9755,NSK SCHÜLER-9755 ist ein hochwertiges Produkt für den Einsatz in Produktionslinien. Ausgelegt für hohe Belastungen und lange Lebensdauer.,5,4,266.19
347,NSK DREHEN-5067,NSK DREHEN-5067 ist ein hochwertiges Produkt für den Einsatz in Produktionslinien. Ausgelegt für hohe Belastungen und lange Lebensdauer.,5,1,58.12
348,NSK FAHRRAD-7547,NSK FAHRRAD-7547 ist ein hochwertiges Produkt für den Einsatz in Fahrzeugen. Ausgelegt für hohe Belastungen und lange Lebensdauer.,5,1,257.82
349,SKF SCHWER-9499,SKF SCHWER-9499 ist ein hochwertiges Produkt für den Einsatz in Produktionslinien. Ausgelegt für hohe Belastungen und lange Lebensdauer.,1,3,107.68
350,Schaeffler FALLEN-9199,Schaeffler FALLEN-9199 ist ein hochwertiges Produkt für den Einsatz in Industrieanlagen. Ausgelegt für hohe Belastungen und lange Lebensdauer.,3,4,213.75
351,SKF FRÜHER-2406,SKF FRÜHER-2406 ist ein hochwertiges Produkt für den Einsatz in Industrieanlagen. Ausgelegt für hohe Belastungen und lange Lebensdauer.,1,3,193.03
352,Schaeffler TOT-9537,Schaeffler TOT-9537 ist ein hochwertiges Produkt für den Einsatz in Fahrzeugen. Ausgelegt für hohe Belastungen und lange Lebensdauer.,3,4,355.08
353,INA GERN-5919,INA GERN-5919 ist ein hochwertiges Produkt für den Einsatz in Industrieanlagen. Ausgelegt für hohe Belastungen und lange Lebensdauer.,4,4,150.32
354,SKF TURNEN-4996,SKF TURNEN-4996 ist ein hochwertiges Produkt für den Einsatz in Produktionslinien. Ausgelegt für hohe Belastungen und lange Lebensdauer.,1,2,419.17
355,FAG SCHLECHT-8570,FAG SCHLECHT-8570 ist ein hochwertiges Produkt für den Einsatz in Industrieanlagen. Ausgelegt für hohe Belastungen und lange Lebensdauer.,2,3,256.33
356,INA TRINKEN-4232,INA TRINKEN-4232 ist ein hochwertiges Produkt für den Einsatz in Fahrzeugen. Ausgelegt für hohe Belastungen und lange Lebensdauer.,4,4,22.84
357,FAG ZEITUNG-2025,FAG ZEITUNG-2025 ist ein hochwertiges Produkt für den Einsatz in Produktionslinien. Ausgelegt für hohe Belastungen und lange Lebensdauer.,2,2,132.47
358,FAG HIMMEL-8496,FAG HIMMEL-8496 ist ein hochwertiges Produkt für den Einsatz in Industrieanlagen. Ausgelegt für hohe Belastungen und lange Lebensdauer.,2,3,153.43
359,NSK LOS-2871,NSK LOS-2871 ist ein hochwertiges Produkt für den Einsatz in Fahrzeugen. Ausgelegt für hohe Belastungen und lange Lebensdauer.,5,4,278.98
360,Schaeffler VATER-6131,Schaeffler VATER-6131 ist ein hochwertiges Produkt für den Einsatz in Industrieanlagen. Ausgelegt für hohe Belastungen und lange Lebensdauer.,3,1,305.73
361,SKF FUSS-3316,SKF FUSS-3316 ist ein hochwertiges Produkt für den Einsatz in Produktionslinien. Ausgelegt für hohe Belastungen und lange Lebensdauer.,1,2,174.25
362,NSK FRAU-8973,NSK FRAU-8973 ist ein hochwertiges Produkt für den Einsatz in Produktionslinien. Ausgelegt für hohe Belastungen und lange Lebensdauer.,5,4,196.14
363,Schaeffler SCHLUSS-8389,Schaeffler SCHLUSS-8389 ist ein hochwertiges Produkt für den Einsatz in Produktionslinien. Ausgelegt für hohe Belastungen und lange Lebensdauer.,3,2,92.32
364,SKF DORT-7290,SKF DORT-7290 ist ein hochwertiges Produkt für den Einsatz in Produktionslinien. Ausgelegt für hohe Belastungen und lange Lebensdauer.,1,4,70.08
365,INA GEBEN-8272,INA GEBEN-8272 ist ein hochwertiges Produkt für den Einsatz in Fahrzeugen. Ausgelegt für hohe Belastungen und lange Lebensdauer.,4,4,322.46
366,NSK ZEIGEN-4613,NSK ZEIGEN-4613 ist ein hochwertiges Produkt für den Einsatz in Fahrzeugen. Ausgelegt für hohe Belastungen und lange Lebensdauer.,5,1,360.19
367,FAG LACHEN-8492,FAG LACHEN-8492 ist ein hochwertiges Produkt für den Einsatz in Produktionslinien. Ausgelegt für hohe Belastungen und lange Lebensdauer.,2,3,84.01
368,SKF JUNG-7010,SKF JUNG-7010 ist ein hochwertiges Produkt für den Einsatz in Produktionslinien. Ausgelegt für hohe Belastungen und lange Lebensdauer.,1,3,351.05
369,NSK BÖSE-2677,NSK BÖSE-2677 ist ein hochwertiges Produkt für den Einsatz in Produktionslinien. Ausgelegt für hohe Belastungen und lange Lebensdauer.,5,2,445.5
370,INA DER-2425,INA DER-2425 ist ein hochwertiges Produkt für den Einsatz in Fahrzeugen. Ausgelegt für hohe Belastungen und lange Lebensdauer.,4,3,163.37
371,FAG LETZTE-8015,FAG LETZTE-8015 ist ein hochwertiges Produkt für den Einsatz in Industrieanlagen. Ausgelegt für hohe Belastungen und lange Lebensdauer.,2,3,388.86
372,SKF ANDERE-9827,SKF ANDERE-9827 ist ein hochwertiges Produkt für den Einsatz in Industrieanlagen. Ausgelegt für hohe Belastungen und lange Lebensdauer.,1,3,244.2
373,NSK FÜHREN-9428,NSK FÜHREN-9428 ist ein hochwertiges Produkt für den Einsatz in Produktionslinien. Ausgelegt für hohe Belastungen und lange Lebensdauer.,5,3,429.05
374,INA SAGEN-3078,INA SAGEN-3078 ist ein hochwertiges Produkt für den Einsatz in Produktionslinien. Ausgelegt für hohe Belastungen und lange Lebensdauer.,4,1,446.69
375,FAG ZU-7434,FAG ZU-7434 ist ein hochwertiges Produkt für den Einsatz in Fahrzeugen. Ausgelegt für hohe Belastungen und lange Lebensdauer.,2,3,374.53
376,Schaeffler DA-2237,Schaeffler DA-2237 ist ein hochwertiges Produkt für den Einsatz in Produktionslinien. Ausgelegt für hohe Belastungen und lange Lebensdauer.,3,4,175.08
377,NSK ZUG-7046,NSK ZUG-7046 ist ein hochwertiges Produkt für den Einsatz in Fahrzeugen. Ausgelegt für hohe Belastungen und lange Lebensdauer.,5,3,315.67
378,SKF MAL-6869,SKF MAL-6869 ist ein hochwertiges Produkt für den Einsatz in Industrieanlagen. Ausgelegt für hohe Belastungen und lange Lebensdauer.,1,4,289.33
379,FAG SEIT-5646,FAG SEIT-5646 ist ein hochwertiges Produkt für den Einsatz in Fahrzeugen. Ausgelegt für hohe Belastungen und lange Lebensdauer.,2,4,128.16
380,INA SCHEINEN-1793,INA SCHEINEN-1793 ist ein hochwertiges Produkt für den Einsatz in Industrieanlagen. Ausgelegt für hohe Belastungen und lange Lebensdauer.,4,3,403.43
381,SKF SCHÜLER-3588,SKF SCHÜLER-3588 ist ein hochwertiges Produkt für den Einsatz in Fahrzeugen. Ausgelegt für hohe Belastungen und lange Lebensdauer.,1,1,418.95
382,FAG REICH-5945,FAG REICH-5945 ist ein hochwertiges Produkt für den Einsatz in Industrieanlagen. Ausgelegt für hohe Belastungen und lange Lebensdauer.,2,2,398.15
383,Schaeffler GLAUBEN-3711,Schaeffler GLAUBEN-3711 ist ein hochwertiges Produkt für den Einsatz in Industrieanlagen. Ausgelegt für hohe Belastungen und lange Lebensdauer.,3,1,173.61
384,INA ENDE-1017,INA ENDE-1017 ist ein hochwertiges Produkt für den Einsatz in Industrieanlagen. Ausgelegt für hohe Belastungen und lange Lebensdauer.,4,1,319.63
385,NSK DUMM-8291,NSK DUMM-8291 ist ein hochwertiges Produkt für den Einsatz in Industrieanlagen. Ausgelegt für hohe Belastungen und lange Lebensdauer.,5,2,238.56
386,SKF SCHLIMM-8826,SKF SCHLIMM-8826 ist ein hochwertiges Produkt für den Einsatz in Industrieanlagen. Ausgelegt für hohe Belastungen und lange Lebensdauer.,1,4,315.37
387,SKF SPASS-7022,SKF SPASS-7022 ist ein hochwertiges Produkt für den Einsatz in Fahrzeugen. Ausgelegt für hohe Belastungen und lange Lebensdauer.,1,1,55.41
388,FAG ZUM-1138,FAG ZUM-1138 ist ein hochwertiges Produkt für den Einsatz in Produktionslinien. Ausgelegt für hohe Belastungen und lange Lebensdauer.,2,2,40.1
389,FAG UNTER-8248,FAG UNTER-8248 ist ein hochwertiges Produkt für den Einsatz in Industrieanlagen. Ausgelegt für hohe Belastungen und lange Lebensdauer.,2,2,414.75
390,FAG NICHT-7291,FAG NICHT-7291 ist ein hochwertiges Produkt für den Einsatz in Fahrzeugen. Ausgelegt für hohe Belastungen und lange Lebensdauer.,2,1,269.41
391,FAG GLEICH-5065,FAG GLEICH-5065 ist ein hochwertiges Produkt für den Einsatz in Produktionslinien. Ausgelegt für hohe Belastungen und lange Lebensdauer.,2,3,293.63
392,SKF BRAUCHEN-9348,SKF BRAUCHEN-9348 ist ein hochwertiges Produkt für den Einsatz in Industrieanlagen. Ausgelegt für hohe Belastungen und lange Lebensdauer.,1,3,100.4
393,SKF ARZT-2847,SKF ARZT-2847 ist ein hochwertiges Produkt für den Einsatz in Industrieanlagen. Ausgelegt für hohe Belastungen und lange Lebensdauer.,1,2,227.75
394,NSK ERKLÄREN-6185,NSK ERKLÄREN-6185 ist ein hochwertiges Produkt für den Einsatz in Industrieanlagen. Ausgelegt für hohe Belastungen und lange Lebensdauer.,5,1,444.23
395,Schaeffler WIRD-2195,Schaeffler WIRD-2195 ist ein hochwertiges Produkt für den Einsatz in Industrieanlagen. Ausgelegt für hohe Belastungen und lange Lebensdauer.,3,2,345.6
396,FAG GING-7520,FAG GING-7520 ist ein hochwertiges Produkt für den Einsatz in Produktionslinien. Ausgelegt für hohe Belastungen und lange Lebensdauer.,2,1,415.93
397,INA WASCHEN-9791,INA WASCHEN-9791 ist ein hochwertiges Produkt für den Einsatz in Produktionslinien. Ausgelegt für hohe Belastungen und lange Lebensdauer.,4,4,46.27
398,Schaeffler SCHNELL-4329,Schaeffler SCHNELL-4329 ist ein hochwertiges Produkt für den Einsatz in Industrieanlagen. Ausgelegt für hohe Belastungen und lange Lebensdauer.,3,1,234.97
399,SKF JAHR-4909,SKF JAHR-4909 ist ein hochwertiges Produkt für den Einsatz in Industrieanlagen. Ausgelegt für hohe Belastungen und lange Lebensdauer.,1,3,317.42
400,INA MINUTENMIR-1901,INA MINUTENMIR-1901 ist ein hochwertiges Produkt für den Einsatz in Fahrzeugen. Ausgelegt für hohe Belastungen und lange Lebensdauer.,4,1,209.48
401,FAG DAFÜR-6680,FAG DAFÜR-6680 ist ein hochwertiges Produkt für den Einsatz in Produktionslinien. Ausgelegt für hohe Belastungen und lange Lebensdauer.,2,1,82.09
402,FAG WARUM-2934,FAG WARUM-2934 ist ein hochwertiges Produkt für den Einsatz in Industrieanlagen. Ausgelegt für hohe Belastungen und lange Lebensdauer.,2,3,332.49
403,NSK STÜCK-2262,NSK STÜCK-2262 ist ein hochwertiges Produkt für den Einsatz in Fahrzeugen. Ausgelegt für hohe Belastungen und lange Lebensdauer.,5,1,125.7
404,SKF GLÜCKLICH-3734,SKF GLÜCKLICH-3734 ist ein hochwertiges Produkt für den Einsatz in Fahrzeugen. Ausgelegt für hohe Belastungen und lange Lebensdauer.,1,4,388.12
405,SKF VERSUCHEN-9336,SKF VERSUCHEN-9336 ist ein hochwertiges Produkt für den Einsatz in Industrieanlagen. Ausgelegt für hohe Belastungen und lange Lebensdauer.,1,1,110.5
406,FAG ZEITUNG-7274,FAG ZEITUNG-7274 ist ein hochwertiges Produkt für den Einsatz in Industrieanlagen. Ausgelegt für hohe Belastungen und lange Lebensdauer.,2,1,217.58
407,NSK WOHNUNG-5067,NSK WOHNUNG-5067 ist ein hochwertiges Produkt für den Einsatz in Fahrzeugen. Ausgelegt für hohe Belastungen und lange Lebensdauer.,5,4,108.79
408,NSK IHR-1862,NSK IHR-1862 ist ein hochwertiges Produkt für den Einsatz in Industrieanlagen. Ausgelegt für hohe Belastungen und lange Lebensdauer.,5,3,62.54
409,SKF MÜDE-8620,SKF MÜDE-8620 ist ein hochwertiges Produkt für den Einsatz in Fahrzeugen. Ausgelegt für hohe Belastungen und lange Lebensdauer.,1,4,40.33
410,NSK FUSS-4287,NSK FUSS-4287 ist ein hochwertiges Produkt für den Einsatz in Fahrzeugen. Ausgelegt für hohe Belastungen und lange Lebensdauer.,5,4,13.51
411,Schaeffler BILD-4201,Schaeffler BILD-4201 ist ein hochwertiges Produkt für den Einsatz in Produktionslinien. Ausgelegt für hohe Belastungen und lange Lebensdauer.,3,4,449.03
412,INA NÄCHSTE-6675,INA NÄCHSTE-6675 ist ein hochwertiges Produkt für den Einsatz in Produktionslinien. Ausgelegt für hohe Belastungen und lange Lebensdauer.,4,1,112.52
413,INA MONAT-9680,INA MONAT-9680 ist ein hochwertiges Produkt für den Einsatz in Industrieanlagen. Ausgelegt für hohe Belastungen und lange Lebensdauer.,4,3,55.74
414,FAG KOMMEN-4792,FAG KOMMEN-4792 ist ein hochwertiges Produkt für den Einsatz in Produktionslinien. Ausgelegt für hohe Belastungen und lange Lebensdauer.,2,3,50.93
415,SKF HEISSEN-7461,SKF HEISSEN-7461 ist ein hochwertiges Produkt für den Einsatz in Industrieanlagen. Ausgelegt für hohe Belastungen und lange Lebensdauer.,1,1,232.39
416,FAG GEHEN-6161,FAG GEHEN-6161 ist ein hochwertiges Produkt für den Einsatz in Fahrzeugen. Ausgelegt für hohe Belastungen und lange Lebensdauer.,2,2,138.34
417,Schaeffler TOT-4321,Schaeffler TOT-4321 ist ein hochwertiges Produkt für den Einsatz in Industrieanlagen. Ausgelegt für hohe Belastungen und lange Lebensdauer.,3,2,42.86
418,FAG HALBE-7660,FAG HALBE-7660 ist ein hochwertiges Produkt für den Einsatz in Industrieanlagen. Ausgelegt für hohe Belastungen und lange Lebensdauer.,2,4,215.06
419,Schaeffler LICHT-2964,Schaeffler LICHT-2964 ist ein hochwertiges Produkt für den Einsatz in Industrieanlagen. Ausgelegt für hohe Belastungen und lange Lebensdauer.,3,4,126.6
420,NSK SOFORT-6370,NSK SOFORT-6370 ist ein hochwertiges Produkt für den Einsatz in Industrieanlagen. Ausgelegt für hohe Belastungen und lange Lebensdauer.,5,1,104.61
421,Schaeffler RUFEN-5896,Schaeffler RUFEN-5896 ist ein hochwertiges Produkt für den Einsatz in Fahrzeugen. Ausgelegt für hohe Belastungen und lange Lebensdauer.,3,4,235.92
422,INA WELT-5093,INA WELT-5093 ist ein hochwertiges Produkt für den Einsatz in Industrieanlagen. Ausgelegt für hohe Belastungen und lange Lebensdauer.,4,4,254.62
423,SKF AFFE-4641,SKF AFFE-4641 ist ein hochwertiges Produkt für den Einsatz in Industrieanlagen. Ausgelegt für hohe Belastungen und lange Lebensdauer.,1,1,37.13
424,Schaeffler NEIN-5240,Schaeffler NEIN-5240 ist ein hochwertiges Produkt für den Einsatz in Industrieanlagen. Ausgelegt für hohe Belastungen und lange Lebensdauer.,3,1,266.22
425,FAG MAL-2506,FAG MAL-2506 ist ein hochwertiges Produkt für den Einsatz in Fahrzeugen. Ausgelegt für hohe Belastungen und lange Lebensdauer.,2,4,366.09
426,INA WIR-8096,INA WIR-8096 ist ein hochwertiges Produkt für den Einsatz in Produktionslinien. Ausgelegt für hohe Belastungen und lange Lebensdauer.,4,1,83.92
427,INA PLÖTZLICH-4517,INA PLÖTZLICH-4517 ist ein hochwertiges Produkt für den Einsatz in Industrieanlagen. Ausgelegt für hohe Belastungen und lange Lebensdauer.,4,4,86.04
428,FAG NENNEN-5026,FAG NENNEN-5026 ist ein hochwertiges Produkt für den Einsatz in Produktionslinien. Ausgelegt für hohe Belastungen und lange Lebensdauer.,2,1,280.21
429,NSK KIND-5583,NSK KIND-5583 ist ein hochwertiges Produkt für den Einsatz in Fahrzeugen. Ausgelegt für hohe Belastungen und lange Lebensdauer.,5,4,36.83
430,FAG SCHÖN-9907,FAG SCHÖN-9907 ist ein hochwertiges Produkt für den Einsatz in Industrieanlagen. Ausgelegt für hohe Belastungen und lange Lebensdauer.,2,2,287.53
431,NSK WISSEN-9231,NSK WISSEN-9231 ist ein hochwertiges Produkt für den Einsatz in Fahrzeugen. Ausgelegt für hohe Belastungen und lange Lebensdauer.,5,4,161.38
432,SKF MILCH-1480,SKF MILCH-1480 ist ein hochwertiges Produkt für den Einsatz in Fahrzeugen. Ausgelegt für hohe Belastungen und lange Lebensdauer.,1,3,272.73
433,NSK NACH-4813,NSK NACH-4813 ist ein hochwertiges Produkt für den Einsatz in Industrieanlagen. Ausgelegt für hohe Belastungen und lange Lebensdauer.,5,3,347.41
434,FAG SINGEN-1916,FAG SINGEN-1916 ist ein hochwertiges Produkt für den Einsatz in Industrieanlagen. Ausgelegt für hohe Belastungen und lange Lebensdauer.,2,3,244.82
435,FAG DENKEN-6878,FAG DENKEN-6878 ist ein hochwertiges Produkt für den Einsatz in Produktionslinien. Ausgelegt für hohe Belastungen und lange Lebensdauer.,2,2,270.71
436,NSK NATÜRLICH-4084,NSK NATÜRLICH-4084 ist ein hochwertiges Produkt für den Einsatz in Fahrzeugen. Ausgelegt für hohe Belastungen und lange Lebensdauer.,5,2,257.77
437,SKF DIE-4584,SKF DIE-4584 ist ein hochwertiges Produkt für den Einsatz in Industrieanlagen. Ausgelegt für hohe Belastungen und lange Lebensdauer.,1,1,34.71
438,NSK ACHT-6582,NSK ACHT-6582 ist ein hochwertiges Produkt für den Einsatz in Produktionslinien. Ausgelegt für hohe Belastungen und lange Lebensdauer.,5,2,364.84
439,SKF WIESE-3320,SKF WIESE-3320 ist ein hochwertiges Produkt für den Einsatz in Industrieanlagen. Ausgelegt für hohe Belastungen und lange Lebensdauer.,1,1,74.99
440,INA GLÜCK-6285,INA GLÜCK-6285 ist ein hochwertiges Produkt für den Einsatz in Industrieanlagen. Ausgelegt für hohe Belastungen und lange Lebensdauer.,4,1,158.09
441,INA FERTIG-6846,INA FERTIG-6846 ist ein hochwertiges Produkt für den Einsatz in Industrieanlagen. Ausgelegt für hohe Belastungen und lange Lebensdauer.,4,3,86.65
442,Schaeffler NIMMT-1029,Schaeffler NIMMT-1029 ist ein hochwertiges Produkt für den Einsatz in Produktionslinien. Ausgelegt für hohe Belastungen und lange Lebensdauer.,3,3,66.03
443,NSK MICH-4619,NSK MICH-4619 ist ein hochwertiges Produkt für den Einsatz in Produktionslinien. Ausgelegt für hohe Belastungen und lange Lebensdauer.,5,3,415.26
444,Schaeffler GLEICH-6234,Schaeffler GLEICH-6234 ist ein hochwertiges Produkt für den Einsatz in Industrieanlagen. Ausgelegt für hohe Belastungen und lange Lebensdauer.,3,1,114.72
445,SKF WOHNUNG-2110,SKF WOHNUNG-2110 ist ein hochwertiges Produkt für den Einsatz in Fahrzeugen. Ausgelegt für hohe Belastungen und lange Lebensdauer.,1,3,102.26
446,SKF ZAHL-7875,SKF ZAHL-7875 ist ein hochwertiges Produkt für den Einsatz in Industrieanlagen. Ausgelegt für hohe Belastungen und lange Lebensdauer.,1,4,202.82
447,Schaeffler STUNDE-8855,Schaeffler STUNDE-8855 ist ein hochwertiges Produkt für den Einsatz in Produktionslinien. Ausgelegt für hohe Belastungen und lange Lebensdauer.,3,4,54.63
448,SKF WEISS-6221,SKF WEISS-6221 ist ein hochwertiges Produkt für den Einsatz in Fahrzeugen. Ausgelegt für hohe Belastungen und lange Lebensdauer.,1,1,139.76
449,Schaeffler LEBEN-3636,Schaeffler LEBEN-3636 ist ein hochwertiges Produkt für den Einsatz in Produktionslinien. Ausgelegt für hohe Belastungen und lange Lebensdauer.,3,2,400.69
450,SKF RUND-8909,SKF RUND-8909 ist ein hochwertiges Produkt für den Einsatz in Produktionslinien. Ausgelegt für hohe Belastungen und lange Lebensdauer.,1,3,271.37
451,FAG PLÖTZLICH-2659,FAG PLÖTZLICH-2659 ist ein hochwertiges Produkt für den Einsatz in Fahrzeugen. Ausgelegt für hohe Belastungen und lange Lebensdauer.,2,4,79.13
452,INA FRÖHLICH-5872,INA FRÖHLICH-5872 ist ein hochwertiges Produkt für den Einsatz in Industrieanlagen. Ausgelegt für hohe Belastungen und lange Lebensdauer.,4,3,300.66
453,INA HAT-6911,INA HAT-6911 ist ein hochwertiges Produkt für den Einsatz in Industrieanlagen. Ausgelegt für hohe Belastungen und lange Lebensdauer.,4,4,77.58
454,NSK BRAUCHEN-1421,NSK BRAUCHEN-1421 ist ein hochwertiges Produkt für den Einsatz in Industrieanlagen. Ausgelegt für hohe Belastungen und lange Lebensdauer.,5,4,97.86
455,SKF SCHREIBEN-6052,SKF SCHREIBEN-6052 ist ein hochwertiges Produkt für den Einsatz in Fahrzeugen. Ausgelegt für hohe Belastungen und lange Lebensdauer.,1,4,381.26
456,SKF HÄNGEN-7249,SKF HÄNGEN-7249 ist ein hochwertiges Produkt für den Einsatz in Fahrzeugen. Ausgelegt für hohe Belastungen und lange Lebensdauer.,1,4,91.35
457,SKF VOR-5315,SKF VOR-5315 ist ein hochwertiges Produkt für den Einsatz in Industrieanlagen. Ausgelegt für hohe Belastungen und lange Lebensdauer.,1,3,203.49
458,FAG ZUR-6632,FAG ZUR-6632 ist ein hochwertiges Produkt für den Einsatz in Produktionslinien. Ausgelegt für hohe Belastungen und lange Lebensdauer.,2,1,47.71
459,NSK WENN-9561,NSK WENN-9561 ist ein hochwertiges Produkt für den Einsatz in Fahrzeugen. Ausgelegt für hohe Belastungen und lange Lebensdauer.,5,1,379.95
460,Schaeffler ENDE-1568,Schaeffler ENDE-1568 ist ein hochwertiges Produkt für den Einsatz in Produktionslinien. Ausgelegt für hohe Belastungen und lange Lebensdauer.,3,1,183.71
461,INA STADT-3738,INA STADT-3738 ist ein hochwertiges Produkt für den Einsatz in Industrieanlagen. Ausgelegt für hohe Belastungen und lange Lebensdauer.,4,2,427.59
462,SKF NUN-8133,SKF NUN-8133 ist ein hochwertiges Produkt für den Einsatz in Industrieanlagen. Ausgelegt für hohe Belastungen und lange Lebensdauer.,1,4,44.48
463,SKF VERKAUFEN-7510,SKF VERKAUFEN-7510 ist ein hochwertiges Produkt für den Einsatz in Produktionslinien. Ausgelegt für hohe Belastungen und lange Lebensdauer.,1,1,180.76
464,SKF KLETTERN-3451,SKF KLETTERN-3451 ist ein hochwertiges Produkt für den Einsatz in Industrieanlagen. Ausgelegt für hohe Belastungen und lange Lebensdauer.,1,4,59.51
465,NSK VERSTEHEN-9775,NSK VERSTEHEN-9775 ist ein hochwertiges Produkt für den Einsatz in Fahrzeugen. Ausgelegt für hohe Belastungen und lange Lebensdauer.,5,1,355.73
466,INA SONNE-5512,INA SONNE-5512 ist ein hochwertiges Produkt für den Einsatz in Fahrzeugen. Ausgelegt für hohe Belastungen und lange Lebensdauer.,4,4,26.48
467,NSK SCHWARZ-6431,NSK SCHWARZ-6431 ist ein hochwertiges Produkt für den Einsatz in Produktionslinien. Ausgelegt für hohe Belastungen und lange Lebensdauer.,5,4,27.06
468,INA NIMMT-1331,INA NIMMT-1331 ist ein hochwertiges Produkt für den Einsatz in Fahrzeugen. Ausgelegt für hohe Belastungen und lange Lebensdauer.,4,3,404.69
469,INA SONNTAG-4734,INA SONNTAG-4734 ist ein hochwertiges Produkt für den Einsatz in Industrieanlagen. Ausgelegt für hohe Belastungen und lange Lebensdauer.,4,1,437.9
470,Schaeffler PACKEN-2462,Schaeffler PACKEN-2462 ist ein hochwertiges Produkt für den Einsatz in Industrieanlagen. Ausgelegt für hohe Belastungen und lange Lebensdauer.,3,4,276.19
471,INA FLASCHE-9442,INA FLASCHE-9442 ist ein hochwertiges Produkt für den Einsatz in Industrieanlagen. Ausgelegt für hohe Belastungen und lange Lebensdauer.,4,3,371.25
472,NSK MAN-9589,NSK MAN-9589 ist ein hochwertiges Produkt für den Einsatz in Produktionslinien. Ausgelegt für hohe Belastungen und lange Lebensdauer.,5,4,69.69
473,FAG ICH-5087,FAG ICH-5087 ist ein hochwertiges Produkt für den Einsatz in Industrieanlagen. Ausgelegt für hohe Belastungen und lange Lebensdauer.,2,2,378.27
474,FAG LACHEN-8605,FAG LACHEN-8605 ist ein hochwertiges Produkt für den Einsatz in Produktionslinien. Ausgelegt für hohe Belastungen und lange Lebensdauer.,2,3,172.07
475,FAG GAB-8308,FAG GAB-8308 ist ein hochwertiges Produkt für den Einsatz in Industrieanlagen. Ausgelegt für hohe Belastungen und lange Lebensdauer.,2,3,225.07
476,Schaeffler WARUM-5237,Schaeffler WARUM-5237 ist ein hochwertiges Produkt für den Einsatz in Produktionslinien. Ausgelegt für hohe Belastungen und lange Lebensdauer.,3,2,378.57
477,INA JUNGE-4511,INA JUNGE-4511 ist ein hochwertiges Produkt für den Einsatz in Industrieanlagen. Ausgelegt für hohe Belastungen und lange Lebensdauer.,4,1,81.68
478,INA VERGESSEN-1145,INA VERGESSEN-1145 ist ein hochwertiges Produkt für den Einsatz in Fahrzeugen. Ausgelegt für hohe Belastungen und lange Lebensdauer.,4,1,390.44
479,NSK WEITER-6004,NSK WEITER-6004 ist ein hochwertiges Produkt für den Einsatz in Produktionslinien. Ausgelegt für hohe Belastungen und lange Lebensdauer.,5,1,108.46
480,Schaeffler BÖSE-8646,Schaeffler BÖSE-8646 ist ein hochwertiges Produkt für den Einsatz in Fahrzeugen. Ausgelegt für hohe Belastungen und lange Lebensdauer.,3,4,120.88
481,SKF FAHRRAD-7131,SKF FAHRRAD-7131 ist ein hochwertiges Produkt für den Einsatz in Produktionslinien. Ausgelegt für hohe Belastungen und lange Lebensdauer.,1,1,235.07
482,SKF GAB-5529,SKF GAB-5529 ist ein hochwertiges Produkt für den Einsatz in Produktionslinien. Ausgelegt für hohe Belastungen und lange Lebensdauer.,1,4,38.09
483,Schaeffler LACHEN-4937,Schaeffler LACHEN-4937 ist ein hochwertiges Produkt für den Einsatz in Industrieanlagen. Ausgelegt für hohe Belastungen und lange Lebensdauer.,3,2,75.97
484,FAG SCHLAFEN-5843,FAG SCHLAFEN-5843 ist ein hochwertiges Produkt für den Einsatz in Fahrzeugen. Ausgelegt für hohe Belastungen und lange Lebensdauer.,2,1,298.38
485,SKF BEI-4643,SKF BEI-4643 ist ein hochwertiges Produkt für den Einsatz in Produktionslinien. Ausgelegt für hohe Belastungen und lange Lebensdauer.,1,2,160.99
486,Schaeffler MEER-3967,Schaeffler MEER-3967 ist ein hochwertiges Produkt für den Einsatz in Fahrzeugen. Ausgelegt für hohe Belastungen und lange Lebensdauer.,3,2,379.88
487,FAG WIR-3999,FAG WIR-3999 ist ein hochwertiges Produkt für den Einsatz in Produktionslinien. Ausgelegt für hohe Belastungen und lange Lebensdauer.,2,3,329.08
488,Schaeffler HINEIN-6031,Schaeffler HINEIN-6031 ist ein hochwertiges Produkt für den Einsatz in Fahrzeugen. Ausgelegt für hohe Belastungen und lange Lebensdauer.,3,2,337.45
489,NSK SCHLAGEN-2929,NSK SCHLAGEN-2929 ist ein hochwertiges Produkt für den Einsatz in Fahrzeugen. Ausgelegt für hohe Belastungen und lange Lebensdauer.,5,3,214.05
490,NSK NOCH-4187,NSK NOCH-4187 ist ein hochwertiges Produkt für den Einsatz in Produktionslinien. Ausgelegt für hohe Belastungen und lange Lebensdauer.,5,1,217.78
491,NSK BALL-3470,NSK BALL-3470 ist ein hochwertiges Produkt für den Einsatz in Industrieanlagen. Ausgelegt für hohe Belastungen und lange Lebensdauer.,5,3,191.77
492,INA TÜR-3954,INA TÜR-3954 ist ein hochwertiges Produkt für den Einsatz in Industrieanlagen. Ausgelegt für hohe Belastungen und lange Lebensdauer.,4,4,73.02
493,Schaeffler SINGEN-5481,Schaeffler SINGEN-5481 ist ein hochwertiges Produkt für den Einsatz in Industrieanlagen. Ausgelegt für hohe Belastungen und lange Lebensdauer.,3,1,12.07
494,FAG TANTE-2442,FAG TANTE-2442 ist ein hochwertiges Produkt für den Einsatz in Industrieanlagen. Ausgelegt für hohe Belastungen und lange Lebensdauer.,2,4,355.49
495,INA BERG-1618,INA BERG-1618 ist ein hochwertiges Produkt für den Einsatz in Produktionslinien. Ausgelegt für hohe Belastungen und lange Lebensdauer.,4,4,178.66
496,SKF WAHR-9700,SKF WAHR-9700 ist ein hochwertiges Produkt für den Einsatz in Industrieanlagen. Ausgelegt für hohe Belastungen und lange Lebensdauer.,1,3,343.01
497,FAG GLÜCK-6641,FAG GLÜCK-6641 ist ein hochwertiges Produkt für den Einsatz in Fahrzeugen. Ausgelegt für hohe Belastungen und lange Lebensdauer.,2,2,315.15
498,INA BESSER-1749,INA BESSER-1749 ist ein hochwertiges Produkt für den Einsatz in Fahrzeugen. Ausgelegt für hohe Belastungen und lange Lebensdauer.,4,3,83.49
499,INA TÜR-9031,INA TÜR-9031 ist ein hochwertiges Produkt für den Einsatz in Fahrzeugen. Ausgelegt für hohe Belastungen und lange Lebensdauer.,4,2,160.8
500,INA ERST-3149,INA ERST-3149 ist ein hochwertiges Produkt für den Einsatz in Industrieanlagen. Ausgelegt für hohe Belastungen und lange Lebensdauer.,4,1,110.5
